COVID-19	1239148716956712960	http://twitter.com/user/status/1239148716956712960	#WeekendRead –ó–∞ —Ä–∞–∑–ø—Ä–æ—Å—Ç—Ä–∞–Ωe–Ω–∏–µ—Ç–æ –Ω–∞ #COVID19 –∏ —Ä–µ–∞–ª–Ω–∏—è –µ—Ñ–µ–∫—Ç –æ—Ç —Å–æ—Ü–∏–∞–ª–Ω–æ—Ç–æ –¥–∏—Å—Ç–∞–Ω—Ü–∏—Ä–∞–Ω–µ üëâ –ù–∞—É—á–µ–Ω –ø–æ–≥–ª–µ–¥ –æ—Ç @HorizonMagEU üëá (–¥–∞ —Å–µ —á–µ—Ç–µ –æ—Ç –≤–∫—ä—â–∏ üè°! ) https://t.co/UmmY8AwdwM	no_not_interesting
COVID-19	1255520478749511688	http://twitter.com/user/status/1255520478749511688	–ú–µ–∂–¥—É–Ω–∞—Ä–æ–¥–Ω–∏—è —Ü–µ–Ω—Ç—ä—Ä @NizamiGanjaviIC üá¶üáø –ø–æ–º–∞–≥–∞ –Ω–∞ #–ë—ä–ª–≥–∞—Ä–∏—è –≤ –±–æ—Ä–±–∞—Ç–∞ —Å #COVID19 . @PresidentOfBg @MFABulgaria @NarodnoSabranie @MoEBulgaria https://t.co/1YuyBHfrYs https://t.co/gKKPhEjPDe	yes_discusses_action_taken
COVID-19	1238923080006873090	http://twitter.com/user/status/1238923080006873090	–§—Ä–µ–Ω—Å–∫–∏—è—Ç –º–∏–Ω–∏—Å—Ç—ä—Ä –Ω–∞ –∑–¥—Ä–∞–≤–µ–æ–ø–∞–∑–≤–∞–Ω–µ—Ç–æ –ø—Ä–µ–¥—É–ø—Ä–µ–∂–¥–∞–≤–∞ –ø—Ä–∏ —Å–∏–º–ø—Ç–æ–º–∏ –Ω–∞ –≥—Ä–∏–ø –¥–∞ –Ω–µ —Å–µ –ø—Ä–∏–µ–º–∞ –∏–±—É–ø—Ä–æ—Ñ–µ–Ω, —Ç—ä–π –∫–∞—Ç–æ –º–æ–∂–µ –¥–∞ —É—Å–ª–æ–∂–Ω–∏ –∑–∞–±–æ–ª—è–≤–∞–Ω–µ—Ç–æ. –ö–∞–∑–≤–∞ –ø—Ä–∏ —Ç–µ–º–ø–µ—Ä–∞—Ç—É—Ä–∞ –¥–∞ —Å–µ –≤–∑–∏–º–∞ –ø–∞—Ä–∞—Ü–µ—Ç–∞–º–æ–ª. https://t.co/pJXnEx2DPW	yes_discusses_cure
COVID-19	1242396242472247296	http://twitter.com/user/status/1242396242472247296	–ï–° —â–µ –ø–æ–¥–∫—Ä–µ–ø–∏ –∫–∞–º–ø–∞–Ω–∏—è—Ç–∞ –Ω–∞ @who –∑–∞ –≥–ª–æ–±–∞–ª–µ–Ω –æ—Ç–≥–≤–æ—Ä —Å—Ä–µ—â—É #COVID19 —Å 114 –º–ª–Ω. –µ–≤—Ä–æ, –∑–∞ –¥–∞ –ø–æ–º–æ–≥–Ω–µ –Ω–∞ –ø–æ-–Ω–µ—É—Å—Ç–æ–π—á–∏–≤–∏—Ç–µ –∑–¥—Ä–∞–≤–Ω–∏ —Å–∏—Å—Ç–µ–º–∏ –ø–æ —Å–≤–µ—Ç–∞ –¥–∞ —Å–µ —Å–ø—Ä–∞–≤—è—Ç —Å—ä—Å –∑–∞–ø–ª–∞—Ö–∞—Ç–∞. üåç 15 –º–ª–Ω. –µ —Ñ–∏–Ω–∞–Ω—Å–∏—Ä–∞–Ω–µ—Ç–æ –¥–æ—Å–µ–≥–∞ –∑–∞ –¥–∏–∞–≥–Ω–æ—Å—Ç–∏–∫–∞ –∏ –Ω–∞–±–ª—é–¥–µ–Ω–∏–µ –≤ –ê—Ñ—Ä–∏–∫–∞ #solidarity https://t.co/Kfn3ksj5Nw	no_not_interesting
COVID-19	1272033686549082114	http://twitter.com/user/status/1272033686549082114	3266 —Å–∞ –æ–±—â–æ —Å–ª—É—á–∞–∏—Ç–µ –Ω–∞ COVID-19, –ø–æ—Ç–≤—ä—Ä–¥–µ–Ω–∏ —É –Ω–∞—Å, —Å–ø–æ—Ä–µ–¥ –ù–∞—Ü–∏–æ–Ω–∞–ª–Ω–∞—Ç–∞ –∏–Ω—Ñ–æ—Ä–º–∞—Ü–∏–æ–Ω–Ω–∞ —Å–∏—Å—Ç–µ–º–∞ https://t.co/L6N9YqhUpe	no_not_interesting
COVID-19	1271019867634905089	http://twitter.com/user/status/1271019867634905089	–ü—Ä–æ—Ñ. –ú–∞–Ω–≥—ä—Ä–æ–≤ –Ω–∞ –í–µ–ª–∏–∫–æ–±—Ä–∏—Ç–∞–Ω–∏—è —Å–µ –±–ª–∞–≥–æ–¥–∞—Ä–∏, —á–µ –ø–æ–Ω–µ –ø–æ–≤–µ—á–µ—Ç–æ –∏–∑–≥–æ—Ä–µ–ª–∏ —Å–∞ –±–∏–ª–∏ —Å—É—Ö–∏ —Å—ä—á–∫–∏. –ù–µ –Ω–∏–µ —Ç—è—Ö, –¢–ï –Ω–∞—Å —â–µ —Å—Ç–∏–≥–∞—Ç! https://t.co/0RaGSCPSP5	no_not_interesting
COVID-19	1262085989188714496	http://twitter.com/user/status/1262085989188714496	–õ–µ–∫–∞—Ä–∏—Ç–µ —â–µ –≤—Ä—ä—â–∞—Ç –ø–∞—Ä–∏ –Ω–∞ –∑–¥—Ä–∞–≤–Ω–∞—Ç–∞ –∫–∞—Å–∞ –∑–∞—Ä–∞–¥–∏ COVID-19 https://t.co/aI6okKKXM7	yes_discusses_action_taken
COVID-19	1240580918013825025	http://twitter.com/user/status/1240580918013825025	üî¥ #–ö–æ—Ä–æ–Ω–∞–≤–∏—Ä—É—Å: –°–ª–µ–¥ —É—Å–ø–µ—à–µ–Ω –æ–≥—Ä–∞–Ω–∏—á–µ–Ω —Ç–µ—Å—Ç –≤ –ú–∞—Ä—Å–∏–ª–∏—è, Sanofi –∑–∞–ø–æ—á–≤–∞ –Ω–∞—Ü–∏–æ–Ω–∞–ª–Ω–æ –∏–∑–ø–∏—Ç–≤–∞–Ω–µ –≤—ä–≤ #–§—Ä–∞–Ω—Ü–∏—è –Ω–∞ –ª–µ–∫–∞—Ä—Å—Ç–≤–æ—Ç–æ —Å—Ä–µ—â—É –º–∞–ª–∞—Ä–∏—è #Plaquenil, –∫–æ–µ—Ç–æ –µ –ø–æ–∫–∞–∑–∞–ª–æ –æ–±–Ω–∞–¥–µ–∂–¥–∞–≤–∞—â–∏ —Ä–µ–∑—É–ª—Ç–∞—Ç–∏ —Å—Ä–µ—â—É #COVID19 https://t.co/lpZFi0gkaR	yes_discusses_cure
COVID-19	1272424924389531648	http://twitter.com/user/status/1272424924389531648	–ü–∞–Ω–¥–µ–º–∏—è—Ç–∞ —Å #coronavirus –ø–æ–∫–∞–∑–∞, —á–µ –¥–µ–∑–∏–Ω—Ñ–æ—Ä–º–∞—Ü–∏—è—Ç–∞ –º–æ–∂–µ —Ä–µ–∞–ª–Ω–æ –¥–∞ –∑–∞—Å—Ç—Ä–∞—à–∏ –∂–∏–≤–æ—Ç–∞ –Ω–∏ ü§•. –ï–° üá™üá∫ –≤–µ—á–µ –æ–±—è–≤–∏ —Å—Ç—ä–ø–∫–∏—Ç–µ –∑–∞ –∏–∑–≥—Ä–∞–∂–¥–∞–Ω–µ –Ω–∞ —Å–∏—Å—Ç–µ–º–∞ —Å—Ä–µ—â—É #disinformation, –∫–æ—è—Ç–æ –¥–∞ –º–æ–∂–µ –¥–∞ –Ω–∏ –ø—Ä–µ–¥–ø–∞–∑–∏ –Ω–µ–∑–∞–≤–∏—Å–∏–º–æ –æ—Ç –ø—Ä–æ–∏–∑—Ö–æ–¥–∞ —ù. –í—Å–∏—á–∫–æ –∑–∞ –¥–µ–π—Å—Ç–≤–∏—è—Ç–∞üëâhttps://t.co/3SCbcgxWnR #FactsMatter https://t.co/QrlRMIKPka	yes_contains_advice
COVID-19	1253355867333898240	http://twitter.com/user/status/1253355867333898240	"–°—Ç–∞—Ç–∏—è –Ω–∞ @PremierRP –Ω–∞ #–ü–æ–ª—à–∞ üáµüá± @MorawieckiM –≤—ä–≤ –≤–µ—Å—Ç–Ω–∏–∫ @faznet üì∞: ""–î–Ω–µ—Å –≤ –º–Ω–æ–≥–æ –ø–æ-–≥–æ–ª—è–º–∞ —Å—Ç–µ–ø–µ–Ω –æ—Ç –∫–æ–≥–∞—Ç–æ –∏ –¥–∞ –±–∏–ª–æ —Å–µ –Ω—É–∂–¥–∞–µ–º –æ—Ç –µ–¥–Ω–∞ —Å–æ–ª–∏–¥–∞—Ä–Ω–∞ #–ï–≤—Ä–æ–ø–∞... üáµüá±üá™üá∫‚úåÔ∏è #solidarityüáµüá± #EUsolidarity #–æ—Å—Ç–∞–Ω–∏–≤–∫—ä—â–∏ #–∑–∞–µ–¥–Ω–æ—â–µ—Å–µ—Å–ø—Ä–∞–≤–∏–º #–∑–∞–µ–¥–Ω–æ #Covid19 https://t.co/rQnoCTHHIh"	yes_calls_for_action
COVID-19	1258518887139643393	http://twitter.com/user/status/1258518887139643393	–ú–æ–±–∏–ª–Ω–∏—Ç–µ apps –º–æ–≥–∞—Ç –¥–∞ –∏–≥—Ä–∞—è—Ç –≤–∞–∂–Ω–∞ —Ä–æ–ª—è –≤ –±–æ—Ä–±–∞—Ç–∞ —Å—Ä–µ—â—É #Covid19, –Ω–æ –ø–æ–≤–¥–∏–≥–Ω–∞—Ç –ø—Ä–æ–±–ª–µ–º–∏ —Å –ø–æ–≤–µ—Ä–∏—Ç–µ–ª–Ω–æ—Å—Ç—Ç–∞ –∏ –∑–∞—â–∏—Ç–∞ –Ω–∞ –¥–∞–Ω–Ω–∏—Ç–µ. –ï–≤—Ä–æ–¥–µ–ø—É—Ç–∞—Ç–∏—Ç–µ –ø—Ä–∏–∑–æ–≤–∞–≤–∞—Ç –∑–∞ –µ—Ñ–µ–∫—Ç–∏–≤–Ω–∏ –º–µ—Ä–∫–∏ –∏ –∫–æ–æ—Ä–¥–∏–Ω–∏—Ä–∞–Ω –ø–æ–¥—Ö–æ–¥ –ø–æ —Ç–∞–∑–∏ —Ç–µ–º–∞ #EuropeansAgainstCovid19 apps —Å/—É #COVID19 https://t.co/MR11bjujgq https://t.co/w8ane1lMQA	yes_contains_advice
COVID-19	1270662500812554242	http://twitter.com/user/status/1270662500812554242	–ü—Ä–∞–≤–∏—Ç–µ–ª—Å—Ç–≤–æ—Ç–æ —É–¥—ä–ª–∂–∏ –∏–∑–≤—ä–Ω—Ä–µ–¥–Ω–∞—Ç–∞ COVID –æ–±—Å—Ç–∞–Ω–æ–≤–∫–∞ –¥–æ –∫—Ä–∞—è –Ω–∞ —é–Ω–∏ https://t.co/Gtw8K47rWi	yes_discusses_action_taken
COVID-19	1265508162632855553	http://twitter.com/user/status/1265508162632855553	–û—Ç–ø–∞–¥–∞—Ç —á–∞—Å—Ç –æ—Ç –º–µ—Ä–∫–∏—Ç–µ, –≤—ä–≤–µ–¥–µ–Ω–∏ –∑–∞—Ä–∞–¥–∏ COVID-19 https://t.co/9iQjM7c1vU	yes_discusses_action_taken
COVID-19	1240207613570224129	http://twitter.com/user/status/1240207613570224129	–ü–æ–º–∞–≥–∞–ª–æ, —è–ø–æ–Ω—Å–∫–æ. –ù–µ–∑–Ω–∞–º –¥–∞–ª–∏ –∏–º–∞ –ø–æ –∞–ø—Ç–µ–∫–∏—Ç–µ, –≤–∑–∏–º–∞ —Å–µ –ø–æ –≤—Ä–µ–º–µ –Ω–∞ –ø—ä—Ä–≤–∏ —Å–∏–º–ø—Ç–æ–º–∏, –∑–∞ 4 –¥–µ–Ω–∞ —Ö–æ—Ä–∞—Ç–∞ —Å–µ –æ–ø—Ä–∞–≤—è–ª–∏. https://t.co/1ybJ0BgDlt https://t.co/j3Srsv3PEZ	yes_discusses_cure
COVID-19	1280442308123676674	http://twitter.com/user/status/1280442308123676674	–ü—Ä–µ–º–∏–Ω–∞–≤–∞–Ω–µ—Ç–æ –Ω–∞ –≥—Ä–∞–Ω–∏—Ü–∞—Ç–∞ –æ—Ç 200 –∑–∞—Ä–∞–∑–µ–Ω–∏ –Ω–∞ –¥–µ–Ω —Å #COVID19 –µ –º–Ω–æ–≥–æ —Å–µ—Ä–∏–æ–∑–µ–Ω —Å–∏–≥–Ω–∞–ª, —á–µ —Ç—Ä—è–±–≤–∞ –¥–∞ —Å–µ –≤—ä–∑—Å—Ç–∞–Ω–æ–≤—è—Ç —á–∞—Å—Ç –æ—Ç –º–µ—Ä–∫–∏—Ç–µ https://t.co/6c5Ddbzn9e	yes_calls_for_action
COVID-19	1257985449160773633	http://twitter.com/user/status/1257985449160773633	–≤ –†–æ—Å–∏–π –∫–∞—Ä–∞—Ç –Ω—è–∫–∞–∫—ä–≤ —Å—Ç—Ä–∞–Ω–µ–Ω –≤–∏—Ä—É—Å, –∫–æ–π—Ç–æ –∫–∞—Ä–∞ —Ö–æ—Ä–∞—Ç–∞ –¥–∞ –ª–µ—Ç—è—Ç –æ—Ç –ø—Ä–æ–∑–æ—Ä—Ü–∏. –º–∞–π –∏–º–∞ –≤–∞–∫—Å–∏–Ω–∞ - –¥–µ–º–æ–∫—Ä–∞—Ü–∏—è, –∞–º–∞ —Ç–∞–º —Ä–µ–∑—É–ª—Ç–∞—Ç–∏—Ç–µ –æ—Ç –Ω–µ—è —Å–∞ –∫–∞—Ç–æ –æ—Ç —Ç–µ—Å—Ç –∑–∞ COVID-19, –º–∞—Å–æ–≤–æ false positive.	no_not_interesting
COVID-19	1285237342547124230	http://twitter.com/user/status/1285237342547124230	–î–æ–±—Ä–∏ –Ω–æ–≤–∏–Ω–∏ –æ—Ç –û–∫—Å—Ñ–æ—Ä–¥. –†–µ–∑—É–ª—Ç–∞—Ç–∏—Ç–µ –æ—Ç —Ñ–∞–∑–∞ 1 –Ω–∞ –∏–∑–ø–∏—Ç–≤–∞–Ω–∏—è—Ç–∞ –Ω–∞ –≤–∞–∫—Å–∏–Ω–∞ —Å—Ä–µ—â—É Covid-19 —Å–∞ –æ–±–Ω–∞–¥–µ–∂–¥–∞–≤–∞—â–∏. –î–æ–ª–Ω–∏—è—Ç —Ç—É–∏—Ç —Å—ä–¥—ä—Ä–∂–∞ –∏ –ª–∏–Ω–∫ –∫—ä–º –∏–∑—Å–ª–µ–¥–≤–∞–Ω–µ—Ç–æ. https://t.co/69mqbb1Upx	yes_discusses_cure
COVID-19	1258744844731719683	http://twitter.com/user/status/1258744844731719683	–†–∏—Å–∫–æ–≤–∏ —Ñ–∞–∫—Ç–æ—Ä–∏ –∑–∞ —Å–º—ä—Ä—Ç–Ω–æ—Å—Ç, —Ä–∞–∑–∫—Ä–∏—Ç–∏ –≤ –Ω–∞–π-–≥–æ–ª–µ–º–∏—è –∞–Ω–∞–ª–∏–∑ –Ω–∞ —Å–ª—É—á–∞–∏ –Ω–∞ COVID-19 https://t.co/WOMKyKrQ9n via @naukaoffnews	harmful
COVID-19	1256473570072502273	http://twitter.com/user/status/1256473570072502273	287 –ª–∏—Ü–∞ —É –Ω–∞—Å, –ø—Ä–∏ –∫–æ–∏—Ç–æ –µ –ø–æ—Ç–≤—ä—Ä–¥–µ–Ω COVID-19, —Å–∞ –≤–µ—á–µ –∏–∑–ª–µ–∫—É–≤–∞–Ω–∏ https://t.co/SL7CDqiLPd	no_not_interesting
COVID-19	1249068221434601472	http://twitter.com/user/status/1249068221434601472	–í—ä–≤ –≤—Ä—ä–∑–∫–∞ —Å —Ä–∞–∑–ø—Ä–æ—Å—Ç—Ä–∞–Ω–µ–Ω–∏–µ –Ω–∞ –ø–∞–Ω–¥–µ–º–∏—è –æ—Ç Covid-19 –ü–æ—Å–æ–ª—Å—Ç–≤–æ –Ω–∞ #–ê–∑–µ—Ä–±–∞–π–¥–∂–∞–Ω üá¶üáø –ø–æ–¥–∞—Ä–∏ –ø—Ä–µ–¥–ø–∞–∑–Ω–∏ —Å—Ä–µ–¥—Å—Ç–≤–∞ –Ω–∞ —á–ª–µ–Ω–æ–≤–µ –Ω–∞ –°—ä—é–∑–∞ –Ω–∞ –æ—Ñ–∏—Ü–µ—Ä–∏—Ç–µ –∏ —Å–µ—Ä–∂–∞–Ω—Ç–∏—Ç–µ –æ—Ç –∑–∞–ø–∞—Å–∞ –∏ —Ä–µ–∑–µ—Ä–≤–∞ –Ω–∞ #–ë—ä–ª–≥–∞—Ä–∏—è üáßüá¨. #COVID„Éº19 https://t.co/RqCJebl6uE	no_not_interesting
COVID-19	1245422184518074368	http://twitter.com/user/status/1245422184518074368	–û–Ω–∑–∏ –º–æ–º–µ–Ω—Ç, –∫–æ–≥–∞—Ç–æ –ø–∏—à–µ—à –ø–æ—Å—Ç –∑–∞ –±—ä–¥–µ—â–µ—Ç–æ —Å–ª–µ–¥ #COVID„Éº19 –∏ –∏–Ω—Ç—É–∏—Ç–∏–≤–Ω–æ –ø–∏—à–µ—à stay positive!	no_not_interesting
COVID-19	1285542549646606336	http://twitter.com/user/status/1285542549646606336	–û–±–µ—â–∞–≤–∞—â–∞ –Ω–æ–≤–∞ —Ç–µ—Ä–∞–ø–∏—è –∑–∞ COVID-19 –º–æ–∂–µ –¥–∞ –Ω–∞–º–∞–ª–∏ —Å—ä—Å 79% —É—Å–ª–æ–∂–Ω–µ–Ω–∏—è—Ç–∞ https://t.co/BBZv9nCUGs via @naukaoffnews	yes_discusses_cure
COVID-19	1286280946594058245	http://twitter.com/user/status/1286280946594058245	–¢—Ä—ä–º–ø —Ä–∞–∑—è—Å–Ω–∏ –∫–æ–π –ø—Ä—ä–≤ —â–µ —Å—ä–∑–¥–∞–¥–µ –≤–∞–∫—Å–∏–Ω–∞ —Å—Ä–µ—â—É COViD-19 https://t.co/dD1drqMTPw	no_not_interesting
COVID-19	1247196076467261440	http://twitter.com/user/status/1247196076467261440	–î–≤–∞–º–∞ –º–ª–∞–¥–∏ –ª–µ–∫–∞—Ä–∏ –æ—Ç –£–ú–ë–ê–õ ‚Äû–°–≤. –ê–Ω–Ω–∞‚Äú-–°–æ—Ñ–∏—è –ê–î —Å—ä–∑–¥–∞–¥–æ—Ö–∞ –∫—Ä–∞—Ç–∫–æ —Ä—ä–∫–æ–≤–æ–¥—Å—Ç–≤–æ –∑–∞ —Ç–æ–≤–∞ –∫–∞–∫–≤–æ –µ Covid-19 –∏ –∫–∞–∫ –¥–∞ —Å–µ –ø—Ä–µ–¥–ø–∞–∑–∏–º –æ—Ç –Ω–µ–¢–†—ä–∫–æ–≤–æ–¥—Å—Ç–≤–æ—Ç–æ –µ –Ω–∞–ø–∏—Å–∞–Ω–æ –Ω–∞ –º–∞–∫—Å–∏–º–∞–ª–Ω–æ –¥–æ—Å—Ç—ä–ø–µ–Ω –∏ —Ä–∞–∑–±–∏—Ä–∞–µ–º –∑–∞ –ù–ï–º–µ–¥–∏—Ü–∏–Ω—Å–∫–∏—Ç–µ –ª–∏—Ü–∞ –µ–∑–∏–∫. #–°–≤–ê–Ω–Ω–∞–°–æ—Ñ–∏—è https://t.co/VOWD9VRUie	no_not_interesting
COVID-19	1264108555478523905	http://twitter.com/user/status/1264108555478523905	–ü—Ä–µ–¥–ø–∞–∑–µ—Ç–µ —Å–µ–±–µ —Å–∏ –∏ –¥—Ä—É–≥–∏—Ç–µ –æ—Ç #Covid19, –∫–∞—Ç–æ –ø–æ–¥–¥—ä—Ä–∂–∞—Ç–µ –¥–∏—Å—Ç–∞–Ω—Ü–∏—è, –¥–æ–∫–∞—Ç–æ –≥–æ–≤–æ—Ä–∏—Ç–µ —Å –¥—Ä—É–≥–∏ —Ö–æ—Ä–∞, –ø–∞–∑–∞—Ä—É–≤–∞—Ç–µ üõí –∏–ª–∏ –ø—ä—Ç—É–≤–∞—Ç–µ —Å –æ–±—â–µ—Å—Ç–≤–µ–Ω —Ç—Ä–∞–Ω—Å–ø–æ—Ä—Ç üöå. #–ï–≤—Ä–æ–ø–∞–°—Ä–µ—â—ÉCovid19 üá™üá∫ https://t.co/8gcv6ksavY	yes_contains_advice
COVID-19	1251140895128215555	http://twitter.com/user/status/1251140895128215555	@aleksbekiarov @dean_ivanov –ü–∞–∫ –≥–æ–≤–æ—Ä–∏—Ç–µ –Ω–µ—â–∞ –∫–æ–∏—Ç–æ –Ω–∞–ø—Ä–∞–≤–æ —Å–∏ –≥–∏ –≤–∞–¥–∏—Ç–µ –æ—Ç –∑–∞–¥–Ω–∏—Ü–∏—Ç–µ https://t.co/PiTN3JnkTR	no_not_interesting
COVID-19	1296432060878520320	http://twitter.com/user/status/1296432060878520320	–ï–≤—Ä–æ–ø–µ–π—Å–∫–∞—Ç–∞ –∫–æ–º–∏—Å–∏—è —Å–µ —Å–ø–æ—Ä–∞–∑—É–º—è –∑–∞ —á–µ—Ç–≤—ä—Ä—Ç–∞ –≤–∞–∫—Å–∏–Ω–∞ —Å—Ä–µ—â—É¬†COVID-19 https://t.co/LyHZZDiEPe	yes_discusses_cure
COVID-19	1259541086378352640	http://twitter.com/user/status/1259541086378352640	–î–æ–≥–æ–¥–∏–Ω–∞ –ß–µ—Ä–≤–µ–Ω–∞—Ç–∞ —à–∞–ø—á–∏—Ü–∞ —â–µ –∏–º–∞–ª–∞ –Ω–æ–≤ –ø—Ä–æ—á–∏—Ç –ú–æ–º–∏—á–µ –æ—Ç —Å–æ—Ü–∏–∞–ª–Ω–∏—è –ø–∞—Ç—Ä–æ–Ω–∞–∂, –¥–æ—Å—Ç–∞–≤—è –Ω–∞ –ø–µ–Ω—Å–∏–æ–Ω–µ—Ä –≤ –∏–∑–æ–ª–∞—Ü–∏—è —Ö—Ä–∞–Ω–∞, –Ω–æ –ª–æ—à–∏—è—Ç COVID-19 —è –∏–∑–ø—Ä–µ–≤–∞—Ä–∏–ª...	no_not_interesting
COVID-19	1282293069673410560	http://twitter.com/user/status/1282293069673410560	‚úîÔ∏è–•—Ä–∞–Ω–µ—Ç–µ —Å–µ –±–∞–ª–∞–Ω—Å–∏—Ä–∞–Ω–æ, —Å–ø–æ—Ä—Ç—É–≤–∞–π—Ç–µ —É–º–µ—Ä–µ–Ω–æ –∏ —Ä–µ–¥—É–≤–∞–π—Ç–µ —Ä–∞–±–æ—Ç–∞ —Å –ø–æ—á–∏–≤–∫–∞,–∑–∞ –¥–∞ –∏–∑–±–µ–≥–Ω–µ—Ç–µ –ø—Ä–µ–∫–æ–º–µ—Ä–Ω–æ –Ω–∞—Ç–æ–≤–∞—Ä–≤–∞–Ω–µ. ‚úîÔ∏è–ò–Ω—Ñ–æ—Ä–º–∏—Ä–∞–π—Ç–µ —Å–µ –∑–∞ –µ–ø–∏–¥–µ–º–∏—á–Ω–∞—Ç–∞ –æ–±—Å—Ç–∞–Ω–æ–≤–∫–∞ –æ—Ç –¥–æ—Å—Ç–æ–≤–µ—Ä–Ω–∏ –∏–∑—Ç–æ—á–Ω–∏—Ü–∏, –∑–∞—â–∏—Ç–µ—Ç–µ —Å–µ —Å –Ω–∞—É—á–Ω–æ –∑–Ω–∞–Ω–∏–µ, –ø–æ–¥–¥—ä—Ä–∂–∞–π—Ç–µ –¥–æ–±—Ä–æ –Ω–∞—Å—Ç—Ä–æ–µ–Ω–∏–µ –∏ –Ω–µ –∏–∑–ø–∞–¥–∞–π—Ç–µ –≤ –ø–∞–Ω–∏–∫–∞. #COVID19	yes_contains_advice
COVID-19	1278223781446717440	http://twitter.com/user/status/1278223781446717440	–ü—Ä–µ–ø–æ—Ä—ä–∫–∏, —Å–≤—ä—Ä–∑–∞–Ω–∏ —Å #COVID19 –∑–∞ –ø–∞—Ü–∏–µ–Ω—Ç–∏ —Å #–≤–∏—Ä—É—Å–µ–Ω—Ö–µ–ø–∞—Ç–∏—Ç –∏–ª–∏ —á–µ—Ä–Ω–æ–¥—Ä–æ–±–Ω–∏ –∑–∞–±–æ–ª—è–≤–∞–Ω–∏—è --&gt; https://t.co/kcltafJBgJ	yes_contains_advice
COVID-19	1284106247667687426	http://twitter.com/user/status/1284106247667687426	–í —Å–ª–µ–¥–≤–∞—â–∏—Ç–µ –≥–æ–¥–∏–Ω–∏ –ï–° —â–µ —Ç—Ä—è–±–≤–∞ –¥–∞ –ø–æ–¥–ø–æ–º–æ–≥–Ω–µ –∏–∑–ª–∏–∑–∞–Ω–µ—Ç–æ –æ—Ç –∫—Ä–∏–∑–∞—Ç–∞ —Å #Covid19 –∏ –¥–∞ –∏–Ω–≤–µ—Å—Ç–∏—Ä–∞ –≤ –µ–¥–Ω–∞ –ø–æ-–∑–µ–ª–µ–Ω–∞ –∏ —É—Å—Ç–æ–π—á–∏–≤–∞ –ï–≤—Ä–æ–ø–∞. –ó–∞—Ç–æ–≤–∞ –ü–∞—Ä–ª–∞–º–µ–Ω—Ç—ä—Ç –∏—Å–∫–∞ –Ω–æ–≤–∏ –∏–∑—Ç–æ—á–Ω–∏—Ü–∏ –Ω–∞ –±—é–¥–∂–µ—Ç–Ω–∏ –ø—Ä–∏—Ö–æ–¥–∏, –∫–æ–∏—Ç–æ –Ω–µ –Ω–∞—Ç–æ–≤–∞—Ä–≤–∞—Ç –±—ä–¥–µ—â–∏—Ç–µ –ø–æ–∫–æ–ª–µ–Ω–∏—è üëá https://t.co/4PDzqqwD1b	yes_calls_for_action
COVID-19	1287684716028715015	http://twitter.com/user/status/1287684716028715015	–û–±–µ–¥–∏–Ω–µ–Ω–æ—Ç–æ –∫—Ä–∞–ª—Å—Ç–≤–æ –æ–±—è–≤—è–≤–∞ ‚Äû–Ω–∞–π-–ø—ä–ª–Ω–∞—Ç–∞ –ø—Ä–æ–≥—Ä–∞–º–∞ –∑–∞ –≥—Ä–∏–ø –≤ –∏—Å—Ç–æ—Ä–∏—è—Ç–∞‚Äú, –∫–æ—è—Ç–æ —Ü–µ–ª–∏ –¥–∞ –≤–∞–∫—Å–∏–Ω–∏—Ä–∞ 30 –º–∏–ª–∏–æ–Ω–∞ https://t.co/JrQyrxFVdP	yes_discusses_cure
COVID-19	1261603920671055873	http://twitter.com/user/status/1261603920671055873	–ü—Ä–æ—Ñ. –ü–ª–æ—á–µ–≤: –†–∞–∑—Ä–∞–±–æ—Ç–≤–∞—Ç —Å–µ –Ω–∞–¥ 70 –≤–∞–∫—Å–∏–Ω–∏ —Å—Ä–µ—â—É COVID-19, —Å–µ–¥–µ–º —Å–∞ –≤ –µ—Ç–∞–ø –Ω–∞ –∫–ª–∏–Ω–∏—á–Ω–∏ –∏–∑–ø–∏—Ç–∞–Ω–∏—è - bTV –ù–æ–≤–∏–Ω–∏—Ç–µ https://t.co/Ai8DlAZgLe	yes_discusses_cure
COVID-19	1293608214748160002	http://twitter.com/user/status/1293608214748160002	–ù–æ–≤–∞—Ç–∞ –≤–∞–∫—Å–∏–Ω–∞ –∑–∞ COVID-19 –Ω–µ—Å—ä–≤–º–µ—Å—Ç–∏–º–∞ —Å¬†–∞–ª–∫–æ—Ö–æ–ª https://t.co/3lMksIq6LC	yes_discusses_cure
COVID-19	1293508885052039169	http://twitter.com/user/status/1293508885052039169	–ü—Ä–æ—Ñ. –ú–ª–∞–¥–µ–Ω #–ì—Ä–∏–≥–æ—Ä–æ–≤ –µ —á–∞—Å—Ç –æ—Ç –≥—Ä—É–ø–∞ –º–µ–¥–∏—Ü–∏ –∏ –æ–±—â–µ—Å—Ç–≤–µ–Ω–∏—Ü–∏, –∫–æ–∏—Ç–æ —Å–µ –æ–±—Ä—ä—â–∞—Ç –∫—ä–º –ï—Ç–∏—á–Ω–∞—Ç–∞ –∫–æ–º–∏—Å–∏—è –Ω–∞ #–ë–õ–° —Å –∏—Å–∫–∞–Ω–µ –¥–æ—Ü. #–ú–∞–Ω–≥—ä—Ä–æ–≤ –¥–∞ –±—ä–¥–µ –∑–∞—â–∏—Ç–µ–Ω –æ—Ç –∏—Å–∫–∞–Ω–µ –¥–∞ –±—ä–¥–µ —Å–∞–Ω–∫—Ü–∏–æ–Ω–∏—Ä–∞–Ω –∑–∞ –Ω–µ–µ—Ç–∏—á–Ω–æ –∏ –Ω–µ–∫–æ–ª–µ–≥–∏–∞–ª–Ω–æ –ø–æ–≤–µ–¥–µ–Ω–∏–µ, –∫–∞–∫–≤–æ—Ç–æ –Ω–∞—Å—Ç–æ—è–≤–∞–Ω–µ –∏–º–∞ –æ—Ç —Å—Ç–æ—Ç–∏—Ü–∏ –ª–µ–∫–∞—Ä–∏https://t.co/Z6fReaWRRA	yes_calls_for_action
COVID-19	1248586407616098304	http://twitter.com/user/status/1248586407616098304	–ü–∞–Ω–∞–≥—é—Ä–µ—Ü—ä—Ç —Å Covid-19 –µ –∏–º–∞–ª —Å–µ–¥–µ–º –∫–æ–Ω—Ç–∞–∫—Ç–Ω–∏ –ª–∏—Ü–∞, –∫–∞—Ä–∞–Ω—Ç–∏–Ω–∏—Ä–∞–Ω–∏ —Å–∞ https://t.co/YdNQ7VCnmN	no_not_interesting
COVID-19	1252148932991426565	http://twitter.com/user/status/1252148932991426565	–ü–µ—Ç–∏—Ü–∏—è –∑–∞ –ø—Ä–æ–∑—Ä–∞—á–Ω–æ—Å—Ç –Ω–∞ —Ä–∞–∑—Ö–æ–¥–∏—Ç–µ –≤ –±–æ—Ä–±–∞—Ç–∞ —Å Covid-19 https://t.co/Mnqs0jtc6P	no_not_interesting
COVID-19	1257582161684828160	http://twitter.com/user/status/1257582161684828160	–°–ó–û: –°–ê–© –Ω–µ —Å–∞ –¥–∞–ª–∏ –¥–æ–∫–∞–∑–∞—Ç–µ–ª—Å—Ç–≤–∞ –∑–∞ –∏–∑–∫—É—Å—Ç–≤–µ–Ω–∏—è –ø—Ä–æ–∏–∑—Ö–æ–¥ –Ω–∞ Covid-19 https://t.co/rov6gVxF3f	no_not_interesting
COVID-19	1249575978663370752	http://twitter.com/user/status/1249575978663370752	(–ï–ª–µ–∫—Ç—Ä–æ–Ω–Ω–æ —Ä–∞–∑—Ä–µ—à–∏—Ç–µ–ª–Ω–æ –∑–∞ –ø—Ä–∏–¥–≤–∏–∂–≤–∞–Ω–µ –≤ –≥—Ä–∞–¥–∞ –≤—ä–≤–µ–¥–µ –ú–æ—Å–∫–≤–∞. 2 200 –∑–∞—Ä–∞–∑–µ–Ω–∏ –∑–∞ –¥–µ–Ω–æ–Ω–æ—â–∏–µ) –æ—Ç –ó–∞—Ä–∞—Ç–∞ - –ù–æ–≤–∏–Ω–∏ - https://t.co/sHzVrV02ad #–Ω–æ–≤–∏–Ω–∏ #iuldqLtwirs #COVID19 https://t.co/CFijh0bBT5	no_not_interesting
COVID-19	1297205806937636864	http://twitter.com/user/status/1297205806937636864	–ë–µ–∑–ø–ª–∞—Ç–Ω–∞ –≤–∞–∫—Å–∏–Ω–∞—Ç–∞ —Å—Ä–µ—â—É COVID-19 –≤ –ì—ä—Ä—Ü–∏—è https://t.co/7USKNc9EGy	yes_discusses_cure
COVID-19	1259199376909533186	http://twitter.com/user/status/1259199376909533186	1921 —Å–∞ –ø–æ—Ç–≤—ä—Ä–¥–µ–Ω–∏—Ç–µ —Å–ª—É—á–∞–∏ –Ω–∞ COVID-19 —É –Ω–∞—Å –ø–æ –¥–∞–Ω–Ω–∏ –Ω–∞ –ù–∞—Ü–∏–æ–Ω–∞–ª–Ω–∏—è –æ–ø–µ—Ä–∞—Ç–∏–≤–µ–Ω —â–∞–±, –∫—ä–º 17 —á. –ü—Ä–µ–∑ –¥–Ω–µ—à–Ω–∏—è –¥–µ–Ω —Å–∞ –¥–æ–∫–∞–∑–∞–Ω–∏ –æ—â–µ 10 –Ω–æ–≤–∏ —Å–ª—É—á–∞—è https://t.co/9hvihQwxi3	no_not_interesting
COVID-19	1265305978746142720	http://twitter.com/user/status/1265305978746142720	–ï–¶–ë –ø—Ä–µ–¥—É–ø—Ä–µ–¥–∏: –ï–≤—Ä–æ–∑–æ–Ω–∞—Ç–∞ –º–æ–∂–µ –¥–∞ —Å–µ —Ä–∞–∑–ø–∞–¥–Ω–µ –∑–∞—Ä–∞–¥–∏¬†COVID-19 https://t.co/En1gKGMbiT	harmful
COVID-19	1255740901567148033	http://twitter.com/user/status/1255740901567148033	51 —Å–∞ –Ω–æ–≤–∏—Ç–µ —Å–ª—É—á–∞–∏ –Ω–∞ Covid-19 —É –Ω–∞—Å | 51 —Å–∞ –Ω–æ–≤–∏—Ç–µ –¥–æ–∫–∞–∑–∞–Ω–∏ —Å–ª—É—á–∞–∏ –Ω https://t.co/RNozy3l7pF	no_not_interesting
COVID-19	1242446881432748032	http://twitter.com/user/status/1242446881432748032	–ú—ä–∫–∞—Ç–∞ –Ω–∞ COVID-19 –≤ –°–ù–ò–ú–ö–ê: –î—è–¥–æ –≤–∏–∂–¥–∞ –Ω–æ–≤–æ—Ä–æ–¥–µ–Ω–æ –≤–Ω—É—á–µ –ø—Ä–µ–∑ –ø—Ä–æ–∑–æ—Ä–µ—Ü https://t.co/bHBn6XPoFi	no_not_interesting
COVID-19	1248223970647826432	http://twitter.com/user/status/1248223970647826432	–ù—É–∂–¥–∞–µ–º —Å–µ –æ—Ç –ø–æ-–≥–æ–ª–µ–º–∏ –∫–æ–ª–∏—á–µ—Å—Ç–≤–∞ –ª–µ–∫–∞—Ä—Å—Ç–≤–∞ –∑–∞ –ª–µ—á–µ–Ω–∏–µ –Ω–∞ –ø–∞—Ü–∏–µ–Ω—Ç–∏ —Å #coronavirus –≤ –±–æ–ª–Ω–∏—Ü–∏—Ç–µ. –ï–≤—Ä–æ–ø–µ–π—Å–∫–∞—Ç–∞ –∫–æ–º–∏—Å–∏—è –ø—Ä–∏–µ –Ω–æ–≤–∏ –Ω–∞—Å–æ–∫–∏, –∑–∞ –¥–∞ –≥–∞—Ä–∞–Ω—Ç–∏—Ä–∞, —á–µ –µ–≤—Ä–æ–ø–µ–π—Ü–∏—Ç–µ –∏–º–∞—Ç –¥–æ—Å—Ç—ä–ø –¥–æ –ª–µ–∫–∞—Ä—Å—Ç–≤–∞—Ç–∞, –æ—Ç –∫–æ–∏—Ç–æ —Å–µ –Ω—É–∂–¥–∞—è—Ç. #StrongerTogether #EUsolidarity https://t.co/Ct7WSUSULG	yes_discusses_action_taken
COVID-19	1269246644685586432	http://twitter.com/user/status/1269246644685586432	–í–∞–∫—Å–∏–Ω–∏—Ç–µ —Ç—Ä—è–±–≤–∞ –¥–∞ –±—ä–¥–∞—Ç –¥–æ—Å—Ç—ä–ø–Ω–∏ –∑–∞ –≤—Å–µ–∫–∏, –∫–æ–π—Ç–æ —Å–µ –Ω—É–∂–¥–∞–µ –æ—Ç —Ç—è—Ö. –ï–ö —â–µ –ø—Ä–µ–¥–æ—Å—Ç–∞–≤–∏ –Ω–∞ –ê–ª–∏–∞–Ω—Å–∞ –∑–∞ –≤–∞–∫—Å–∏–Ω–∏ @gavi 300 –º–ª–Ω. –µ–≤—Ä–æ –∑–∞ 2021-2025 –≥. –¢–∞–∫–∞ —â–µ –ø–æ–º–æ–≥–Ω–µ–º –∑–∞ –∏–º—É–Ω–∏–∑–∏—Ä–∞–Ω–µ—Ç–æ –Ω–∞ 300 –º–ª–Ω. –¥–µ—Ü–∞ –∏ —â–µ —É—Å–∫–æ—Ä–∏–º –Ω–∞–º–∏—Ä–∞–Ω–µ—Ç–æ –Ω–∞ –≤–∞–∫—Å–∏–Ω–∞ —Å—Ä–µ—â—É #COVID19! üá™üá∫ üëâ https://t.co/KRu5OWRV83 https://t.co/jMCMovIQY4	yes_discusses_action_taken
COVID-19	1269201491954368512	http://twitter.com/user/status/1269201491954368512	33 —Ö–∏–ª. –∑–µ–º–µ–¥–µ–ª—Å–∫–∏ –ø—Ä–µ–¥–ø—Ä–∏—è—Ç–∏—è –≤ –ë—ä–ª–≥–∞—Ä–∏—è, –º–æ–≥–∞—Ç –¥–∞ —Å–µ –≤—ä–∑–ø–æ–ª–∑–≤–∞—Ç –æ—Ç –∏–∑–≤—ä–Ω—Ä–µ–¥–Ω–∞ –ø–æ–º–æ—â –∑–∞—Ä–∞–¥–∏ COVID-19 –ò–∑–≤—ä–Ω—Ä–µ–¥–Ω–∞ –ø–æ–º–æ—â –∑–∞ –º–∞–ª–∫–∏—Ç–µ –∏ —Å—Ä–µ–¥–Ω–∏ –∑–µ–º–µ–¥–µ–ª—Å–∫–∏ –ø—Ä–µ–¥–ø—Ä–∏—è—Ç–∏—è –≤ –ï–° –º–æ–≥–∞—Ç –¥–∞ —Å—Ç–∏–≥–Ω–µ –¥–æ —Ç—è—Ö –¥–æ –∫—Ä–∞—è –Ω–∞ –¥–µ–∫–µ–º–≤—Ä–∏ —Ç–∞–∑–∏ –≥–æ–¥–∏–Ω–∞. –°—Ç–∞–≤–∞ –≤—ä–ø—Ä–æ—Å –∑–∞ –µ–¥–Ω–æ–∫—Ä–∞—Ç–Ω–∞ –ø–æ–º–æ—â –∑–∞—Ä–∞–¥–∏ COVID-19. https://t.co/OuegGhuXI7	yes_discusses_action_taken
COVID-19	1244142250696867842	http://twitter.com/user/status/1244142250696867842	–†—É—Å–∫–∞ –∞–≥–µ–Ω—Ü–∏—è —Ç–≤—ä—Ä–¥–∏, —á–µ –∏–º–∞ –ø—Ä–µ–ø–∞—Ä–∞—Ç –∑–∞ –ª–µ–∫—É–≤–∞–Ω–µ –Ω–∞ COVID-19 https://t.co/AuV7kthlij	yes_discusses_cure
COVID-19	1293812147009605632	http://twitter.com/user/status/1293812147009605632	–†—É—Å–∫–∞—Ç–∞ –≤–∞–∫—Å–∏–Ω–∞ –∑–∞ COVID-19 —â–µ —Å—Ç—Ä—É–≤–∞ 10 –¥–æ–ª–∞—Ä–∞ –∑–∞ –¥–≤–µ –¥–æ–∑–∏ https://t.co/bpR6v45SAP	yes_discusses_cure
COVID-19	1260651300540170241	http://twitter.com/user/status/1260651300540170241	–ù–µ —Å–∏ –ø–æ–ø–ª—é–≤–∞—Ç —Ö–æ—Ä–∞—Ç–∞: –ß–∞—Å–æ–≤–Ω–∏–∫ –Ω–∞ —Å–º—ä—Ä—Ç—Ç–∞ –Ω–∞ –¢—Ä—ä–º–ø —Å–µ –ø–æ—è–≤–∏ –Ω–∞ –¢–∞–π–º—Å –°–∫—É–µ–∞—Ä –¶–∏—Ñ–µ—Ä–±–ª–∞—Ç—ä—Ç –±—Ä–æ–∏ –∂–µ—Ä—Ç–≤–∏—Ç–µ –Ω–∞ Covid-19 –≤ –°–ê–©, –∫–æ–∏—Ç–æ –µ –º–æ–∂–µ–ª–æ –¥–∞ –±—ä–¥–∞—Ç –∏–∑–±–µ–≥–Ω–∞—Ç–∏. https://t.co/52TZto3v5N	yes_blame_authorities
COVID-19	1289815483366043649	http://twitter.com/user/status/1289815483366043649	–ù–∞–º–∞–ª—è–≤–∞—Ç –æ—Ö—Ä–∞–Ω–∞—Ç–∞ –Ω–∞ –ø—Ä–æ—Ç–µ—Å—Ç–∏—Ç–µ, –µ–∂–µ–¥–Ω–µ–≤–Ω–æ –ø–æ 5 –ø–æ–ª–∏—Ü–∞–∏ —Å–µ –∑–∞—Ä–∞–∑—è–≤–∞—Ç —Å COVID-19 - https://t.co/bVVlUKcVkg	yes_discusses_action_taken
COVID-19	1272916855175479301	http://twitter.com/user/status/1272916855175479301	–û—Ç–∫—Ä–∏—Ç–æ –µ –ø—ä—Ä–≤–æ—Ç–æ –ª–µ–∫–∞—Ä—Å—Ç–≤–æ, –∫–æ–µ—Ç–æ –¥–æ–∫–∞–∑–∞–Ω–æ —Å–ø–∞—Å—è–≤–∞ –æ—Ç COVID-19 https://t.co/rUx9EAO5gx	yes_discusses_cure
COVID-19	1280149837644738561	http://twitter.com/user/status/1280149837644738561	–ü—Ä–æ–¥—ä–ª–∂–∞–≤–∞–º–µ –ø–æ–¥–∫—Ä–µ–ø–∞—Ç–∞ –∑–∞ –Ω–∞–º–∏—Ä–∞–Ω–µ –Ω–∞ –≤–∞–∫—Å–∏–Ω–∞ —Å—Ä–µ—â—É #coronavirus —á—Ä–µ–∑ –∏–Ω–≤–µ—Å—Ç–∏—Ü–∏–∏ –≤ –Ω–∞–π-–æ–±–µ—â–∞–≤–∞—â–∏—Ç–µ –ø—Ä–æ—É—á–≤–∞–Ω–∏—è üá™üá∫. #StrongerTogether –ó–∞–µ–¥–Ω–æ —Å @EIB –æ—Å–∏–≥—É—Ä—è–≤–∞–º–µ –∑–∞–µ–º –æ—Ç 75 –º–ª–Ω. –∑–∞ –∫–æ–º–ø–∞–Ω–∏—è—Ç–∞ @curevac, –∫–æ—è—Ç–æ —Ä–∞–∑—Ä–∞–±–æ—Ç–≤–∞ –≤–∞–∫—Å–∏–Ω–∏ üíâ –∑–∞ –∏–Ω—Ñ–µ–∫—Ü–∏–æ–∑–Ω–∏ –±–æ–ª–µ—Å—Ç–∏, –≤–∫–ª. #COVID19. https://t.co/5xSsAHHsEC	yes_discusses_cure
COVID-19	1282289110825263106	http://twitter.com/user/status/1282289110825263106	COVID –∫—Ä–∏–∑–∞—Ç–∞ –≤ –ë—ä–ª–≥–∞—Ä–∏—è —Å–µ –∑–∞–¥—ä–ª–±–æ—á–∞–≤–∞ https://t.co/dPAzqM0pwa	yes_other
COVID-19	1280098239933558785	http://twitter.com/user/status/1280098239933558785	–ë—ä–ª–≥–∞—Ä—Å–∫–∏ –µ–∫–∏–ø –µ –º–Ω–æ–≥–æ –±–ª–∏–∑–æ –¥–æ –æ—Ç–∫—Ä–∏–≤–∞–Ω–µ—Ç–æ –Ω–∞ –ª–µ–∫–∞—Ä—Å—Ç–≤–æ —Å—Ä–µ—â—É #COVID19 https://t.co/WKLbzJKscZ	yes_discusses_cure
COVID-19	1258670457454198787	http://twitter.com/user/status/1258670457454198787	"#–ë—ä–ª–≥–∞—Ä–∏—è –Ω–∞—Å–æ—á–∏ –æ—â–µ 134 –º–ª–Ω. –ª–≤. –∑–∞ #–ú–°–ü –∏ #–∏–∫–æ–Ω–æ–º–∏–∫–∞—Ç–∞ —á—Ä–µ–∑ –û–ø–µ—Ä–∞—Ç–∏–≤–Ω–∞ –ø—Ä–æ–≥—Ä–∞–º–∞ ""#–ò–Ω–æ–≤–∞—Ü–∏–∏ –∏ #–∫–æ–Ω–∫—É—Ä–µ–Ω—Ç–æ—Å–ø–æ—Å–æ–±–Ω–æ—Å—Ç"". –° —Ç–µ–∑–∏ #–∏–Ω–≤–µ—Å—Ç–∏—Ü–∏–∏ —Å—Ç—Ä–∞–Ω–∞—Ç–∞ –º–æ–±–∏–ª–∏–∑–∏—Ä–∞ –Ω–∞–¥ 1 –º–ª—Ä–¥. –ª–≤. #–µ–≤—Ä–æ—Ñ–∏–Ω–∞–Ω—Å–∏—Ä–∞–Ω–µ –≤ –±–æ—Ä–±–∞—Ç–∞ —Å –∏–∫–æ–Ω–æ–º–∏—á–µ—Å–∫–∏—Ç–µ –ø–æ—Å–ª–µ–¥–∏—Ü–∏ –æ—Ç #COVID19: https://t.co/wKnPGYSlNQ https://t.co/XveQGsx1F1"	yes_discusses_action_taken
COVID-19	1254068960745656322	http://twitter.com/user/status/1254068960745656322	–õ–∏–ø—Å–≤–∞—Ç –∂–∏–≤–æ—Ç–æ—Å–ø–∞—Å—è–≤–∞—â–∏ –ª–µ–∫–∞—Ä—Å—Ç–≤–∞ –∑–∞ —Ö–æ—Ä–∞—Ç–∞ —Å –µ–ø–∏–ª–µ–ø—Å–∏—è https://t.co/8QsLIveHym —á—Ä–µ–∑ @centerprh	yes_blame_authorities
COVID-19	1246317878888091652	http://twitter.com/user/status/1246317878888091652	–ï–ú–ê: –î–µ–π—Å—Ç–≤–∏–µ—Ç–æ –Ω–∞ —Ö–ª–æ—Ä–æ—Ö–∏–Ω –∏ —Ö–∏–¥—Ä–æ–∫—Å–∏—Ö–ª–æ—Ä–æ—Ö–∏–Ω –ø—Ä–∏ COVID-19 –Ω–µ –µ –¥–æ–∫–∞–∑–∞–Ω–æ https://t.co/nTBbPsNGgy —á—Ä–µ–∑ @centerprh	yes_discusses_cure
COVID-19	1275776473694167041	http://twitter.com/user/status/1275776473694167041	–£–¥—ä–ª–∂–∞–≤–∞ —Å–µ –∏–∑–≤—ä–Ω—Ä–µ–¥–Ω–∞—Ç–∞ #–µ–ø–∏–¥–µ–º–∏—á–Ω–∞ –æ–±—Å—Ç–∞–Ω–æ–≤–∫–∞ #COVID19 https://t.co/85Qg1j5C5z	yes_discusses_action_taken
COVID-19	1286534449350553600	http://twitter.com/user/status/1286534449350553600	–ï–ö —Å—ä—Å —Å—Ç—Ä–∞—Ç–µ–≥–∏—è –∑–∞ –±–µ–∑–æ–ø–∞—Å–Ω–∞ –∏ –µ—Ñ–∏–∫–∞—Å–Ω–∞ –≤–∞–∫—Å–∏–Ω–∞ —Å—Ä–µ—â—É COVID-19 https://t.co/heBIsPPZpf	yes_discusses_cure
COVID-19	1249668666804838401	http://twitter.com/user/status/1249668666804838401	"–£—á–µ–Ω–∏ –æ—Ç ""–û–∫—Å—Ñ–æ—Ä–¥"" –º–æ–∂–µ –¥–∞ –æ—Ç–∫—Ä–∏—è—Ç –≤–∞–∫—Å–∏–Ω–∞ —Å—Ä–µ—â—É COVID-19 –¥–æ —Å–µ–ø—Ç–µ–º–≤—Ä–∏ https://t.co/R5CoGzrXhm"	yes_discusses_cure
COVID-19	1249731019940528128	http://twitter.com/user/status/1249731019940528128	PR –Ω–∞–º–µ—Å–∞—Ç–∞ –Ω–∞ –ø—Ä–µ–∑–∏–¥–µ–Ω—Ç–∞ –ú–∞–∫—Ä–æ–Ω –≤ –ø–æ–ª–∑–∞ –Ω–∞ —É–ø–æ—Ç—Ä–µ–±–∞—Ç–∞ –Ω–∞ —Ö–ª–æ—Ä–æ—Ö–∏–Ω –∑–∞ #COVID19 –∑–∞—Å–∏–ª–≤–∞ –Ω–µ–≥–æ–¥—É–≤–∞–Ω–∏–µ—Ç–æ –≤ –Ω–∞—É—á–Ω–∏—Ç–µ —Å—Ä–µ–¥–∏. –°–ø–æ—Ä–µ–¥ —É—á–µ–Ω–∏, –ø—Ä–æ–≤–µ–¥–µ–Ω–∏—Ç–µ –¥–æ —Å–µ–≥–∞ –ø—Ä–æ—É—á–≤–∞–Ω–∏—è —Å–∞ –ø–æ–¥–≤–µ–∂–¥–∞—â–∏ - –±–µ–∑ –∫–æ–Ω—Ç—Ä–æ–ª–Ω–∏ –≥—Ä—É–ø–∏ –∏ –±–µ–∑ —Ä–∞–±–æ—Ç–∞ –Ω–∞ —Å–ª—è–ø–æ. https://t.co/wzuvvbwR2o	no_not_interesting
COVID-19	1256127351735357440	http://twitter.com/user/status/1256127351735357440	COVID-19: –ü–∞—Ä–∞–¥–æ–∫—Å –Ω–∞ –ø—Ä–µ–≤–µ–Ω—Ü–∏—è—Ç–∞ - –∞–∫–æ –º–µ—Ä–∫–∏—Ç–µ —Ä–∞–±–æ—Ç—è—Ç, —Ö–æ—Ä–∞—Ç–∞ –≥–∏ —Å–º—è—Ç–∞—Ç –∑–∞ –∏–∑–ª–∏—à–Ω–∏ https://t.co/IZSd8uC1tI via @wmg_news	no_not_interesting
COVID-19	1275515992119132162	http://twitter.com/user/status/1275515992119132162	–û—Ñ–∏—Ü–∏–∞–ª–Ω–∞ —Å—Ç–∞—Ç–∏—Å—Ç–∏–∫–∞, –∫–æ—è—Ç–æ –ø–æ–∫–∞–∑–≤–∞, —á–µ –≤—Å—è–∫–∞ –≥–æ–¥–∏–Ω–∞ —É –Ω–∞—Å –Ω–∞–¥ 1000 –¥—É—à–∏ —Å–∏ –æ—Ç–∏–≤–∞—Ç –æ—Ç –ø–Ω–µ–≤–º–æ–Ω–∏—è. –¢–∞–∑–∏ –Ω–æ–≤–∏–Ω–∞ –æ—Å—Ç–∞–≤–∞ –Ω–µ–æ—Ç—Ä–∞–∑–µ–Ω–∞ –æ—Ç –º–µ–¥–∏–∏—Ç–µ —É –Ω–∞—Å –ù–µ–æ—Ç—Ä–∞–∑–µ–Ω–∞ —Ç–∞–∫–∞, –∫–∞–∫—Ç–æ —Ç—Ä—è–±–≤–∞ –¥–∞ –±—ä–¥–µ –æ—Ç—Ä–∞–∑–µ–Ω–∞ https://t.co/gIeolb5WBY	yes_other
COVID-19	1242991759380054027	http://twitter.com/user/status/1242991759380054027	–î–∞ —Å–µ —Å–ø—Ä–∞—Ç –ø—Ä–∞–∑–Ω–∏—Ç–µ –ø–æ–ª–µ—Ç–∏, –ø—Ä–∏—á–∏–Ω–µ–Ω–∏ –æ—Ç –ø–∞–Ω–¥–µ–º–∏—è—Ç–∞ #COVID19: –ï–≤—Ä–æ–¥–µ–ø—É—Ç–∞—Ç–∏—Ç–µ —â–µ –≥–ª–∞—Å—É–≤–∞—Ç –≤—Ä–µ–º–µ–Ω–Ω–æ —Å–ø–∏—Ä–∞–Ω–µ –Ω–∞ –ø—Ä–∞–≤–∏–ª–∞—Ç–∞ –Ω–∞ –ï–° –æ—Ç–Ω–æ—Å–Ω–æ –ª–µ—Ç–∏—â–Ω–∏—Ç–µ —Å–ª–æ—Ç–æ–≤–µ. –ü–æ–≤–µ—á–µ –ø–æ–¥—Ä–æ–±–Ω–æ—Å—Ç–∏ https://t.co/reralz5p46 #EuropeansAgainstCovid19 https://t.co/9OQBxLUmPY	yes_discusses_action_taken
COVID-19	1287316735603830787	http://twitter.com/user/status/1287316735603830787	–î-—Ä –•–∞–ª–∏–ª: –í–∏—Ç–∞–º–∏–Ω C –µ –∑–∞–±—Ä–∞–Ω–µ–Ω –ø—Ä–∏ COVID-19, —á–æ–≤–µ–∫ –º–æ–∂–µ –¥–∞ –∏–∑–∫–∞—Ä–∞ –≤–∏—Ä—É—Å–∞ 4 –ø—ä—Ç–∏ –∑–∞ –≥–æ–¥–∏–Ω–∞ https://t.co/TXv41kiYO5	yes_contains_advice
COVID-19	1230406959708418050	http://twitter.com/user/status/1230406959708418050	–ü–û–¢–í–™–†–ñ–î–ï–ù–û: –ö–æ—Ä–æ–Ω–∞–≤–∏—Ä—É—Å—ä—Ç –Ω–∞ CoVid-19 —Å—ä–¥—ä—Ä–∂–∞ —É–Ω–∏–∫–∞–ª–Ω–æ —Å–≤–æ–π—Å—Ç–≤–æ ‚Äû—Å–ø–µ—á–µ–ª–≤–∞–Ω–µ –Ω–∞ —Ñ—É–Ω–∫—Ü–∏—è‚Äú –∑–∞ –µ—Ñ–µ–∫—Ç–∏–≤–Ω–æ —Ä–∞–∑–ø—Ä–æ—Å—Ç—Ä–∞–Ω–µ–Ω–∏–µ –≤ —á–æ–≤–µ—à–∫–∞—Ç–∞ –ø–æ–ø—É–ª–∞—Ü–∏—è ... —Ç–æ—á–µ–Ω —Ü–∏—Ç–∞—Ç –æ—Ç –Ω–∞—É—á–Ω–∞ –∫–Ω–∏–≥–∞, —Ç–æ–∫—É-—â–æ –ø—É–±–ª–∏–∫—É–≤–∞–Ω–∞ –≤ Antiviral Research https://t.co/MztdOo5fKz	harmful
COVID-19	1260977450353225734	http://twitter.com/user/status/1260977450353225734	–†–∞–∑—Ä–µ—à–∏—Ö–∞ –ª–µ—á–µ–Ω–∏–µ—Ç–æ –Ω–∞ COVID-19 —Å –¥–≤–∞ –ª–µ–∫–∞—Ä—Å—Ç–≤–µ–Ω–∏ –ø—Ä–æ–¥—É–∫—Ç–∞ https://t.co/BtxBQaXfUw	yes_discusses_cure
COVID-19	1258304463535824896	http://twitter.com/user/status/1258304463535824896	–ó–∞—Å—Ç—Ä–∞—Ö–æ–≤–∫–∞ –∑–∞ –ª–µ–∫–∞—Ä–∏—Ç–µ –Ω–∞ –ø—ä—Ä–≤–∞ –ª–∏–Ω–∏—è –≤ –±–æ—Ä–±–∞—Ç–∞ —Å COVID-19 –Ω–∞–ø—Ä–∞–≤–∏ –†—É—Å–∏—è https://t.co/tmAejKl2xu	no_not_interesting
COVID-19	1261159032880074753	http://twitter.com/user/status/1261159032880074753	–®–≤–µ–¥—Å–∫–∞—Ç–∞ —Å—Ç—Ä–∞—Ç–µ–≥–∏—è —Å—Ä–µ—â—É –∫–æ—Ä–æ–Ω–∞–≤–∏—Ä—É—Å–∞ —Å–∫–æ—Ä–æ —â–µ —Å—Ç–∞–Ω–µ —Å–≤–µ—Ç–æ–≤–Ω–∞ @ForeignAffairs https://t.co/Pxl9oQhIMS	no_not_interesting
COVID-19	1299348022678220800	http://twitter.com/user/status/1299348022678220800	–ù–æ–≤ –¥–µ–Ω! –Ø–ø–æ–Ω—Å–∫–∏—è—Ç –ø—Ä–µ–º–∏–µ—Ä –ø–æ–¥–∞–¥–µ –æ—Å—Ç–∞–≤–∫–∞, COVID –≤–∞–∫—Å–∏–Ω–∞—Ç–∞ —â–µ –µ –±–µ–∑–ø–ª–∞—Ç–Ω–∞ https://t.co/iINVqlE1R7 –ê–±–æ–Ω–∏—Ä–∞–π—Ç–µ —Å–µ: Spotify -&gt; https://t.co/0WI20cn4sX Apple -&gt; https://t.co/Naf2k0qIjA Google -&gt; https://t.co/M2MJ9USdoK	no_not_interesting
COVID-19	1289462474484277249	http://twitter.com/user/status/1289462474484277249	–†—É—Å–∫–∞—Ç–∞ –≤–∞–∫—Å–∏–Ω–∞ —Å—Ä–µ—â—É COVID-19 —Å—ä–∑–¥–∞–ª–∞ –∏–º—É–Ω–∏—Ç–µ—Ç —É –≤—Å–∏—á–∫–∏ –¥–æ–±—Ä–æ–≤–æ–ª—Ü–∏ https://t.co/OuImmaL4MX	yes_discusses_cure
COVID-19	1255454855499599872	http://twitter.com/user/status/1255454855499599872	–í –ì–µ—Ä–º–∞–Ω–∏—è –ø—Ä–∞–≤—è—Ç –ø–æ 500 000 —Ç–µ—Å—Ç–∞ –Ω–∞ —Å–µ–¥–º–∏—Ü–∞. –¢—É–∫ –¥–æ –∫—Ä–∞—è –Ω–∞ –∫–∞—Ä—Ç–∞–Ω—Ç–∏–Ω–∞—Ç–∞ –æ–Ω—è —Ç—ä–ø–∞–∫ —Å –¥–∂–∏–ø–∫–∞—Ç–∞ —â–µ —Å–∏ –Ω–∞–ø—Ä–∞–≤–∏ —Ç–æ–ª–∫–æ–≤–∞. https://t.co/obmzd4HPL7	yes_blame_authorities
COVID-19	1272914105700175878	http://twitter.com/user/status/1272914105700175878	–ó–∞—Ç–≤–∞—Ä—è—Ç —Ü—è–ª –∫–≤–∞—Ä—Ç–∞–ª –≤ –ö—é—Å—Ç–µ–Ω–¥–∏–ª –∑–∞—Ä–∞–¥–∏ COVID-19 –≤ –æ–±—â–∏–Ω–∞—Ç–∞ https://t.co/D8gcOCoULB	harmful
COVID-19	1244957675579981824	http://twitter.com/user/status/1244957675579981824	–ú–∞—Å–æ–≤–∞—Ç–∞ –≤–∞–∫—Å–∏–Ω–∞ –ë–¶–ñ –∑–∞–±–∞–≤—è —Ä–∞–∑–ø—Ä–æ—Å—Ç—Ä–∞–Ω–µ–Ω–∏–µ—Ç–æ –Ω–∞ COVID-19 https://t.co/NJSnC7AjiM	yes_discusses_cure
COVID-19	1276205085471772684	http://twitter.com/user/status/1276205085471772684	–ü—ä—Ä–≤–æ –ª–µ–∫–∞—Ä—Å—Ç–≤–æ —Å—Ä–µ—â—É COVID-19 –æ—á–∞–∫–≤–∞ —Ä–∞–∑—Ä–µ—à–µ–Ω–∏–µ –æ—Ç –ï–° –∑–∞ —É–ø–æ—Ç—Ä–µ–±–∞ https://t.co/2MuBEM5R47	yes_discusses_cure
COVID-19	1245668417681719298	http://twitter.com/user/status/1245668417681719298	–°–ó–û —Å –Ω–æ–≤–∏, –º–Ω–æ–≥–æ –≤–∞–∂–Ω–∏ —Ä–∞–∑–∫—Ä–∏—Ç–∏—è –∑–∞ –ø—Ä–µ–¥–∞–≤–∞–Ω–µ—Ç–æ –Ω–∞ COVID-19 https://t.co/lDuGxI8w4x	no_not_interesting
COVID-19	1252508628612939776	http://twitter.com/user/status/1252508628612939776	–°–ó–û: –ù–µ –µ –≤—ä–∑–º–æ–∂–Ω–æ –¥–∞ —Å–µ –æ–ø—Ä–µ–¥–µ–ª–∏ –∏–∑—Ç–æ—á–Ω–∏–∫—ä—Ç –Ω–∞ COVID-19 https://t.co/X5DfQyoQVF	harmful
COVID-19	1252134454191063041	http://twitter.com/user/status/1252134454191063041	–í–µ–ª–∏–∫–æ–±—Ä–∏—Ç–∞–Ω–∏—è —â–µ –æ–ø–∏—Ç–∞ –¥–∞ –ª–µ–∫—É–≤–∞ COVID-19 —á—Ä–µ–∑ –∫—Ä—ä–≤–Ω–∞ –ø–ª–∞–∑–º–∞ https://t.co/JWiuwZLBAW	yes_discusses_cure
COVID-19	1281075095583305729	http://twitter.com/user/status/1281075095583305729	–ë—ä–ª–≥–∞—Ä—Å–∫–æ—Ç–æ¬†–ª–µ–∫–∞—Ä—Å—Ç–≤–æ¬†–∑–∞¬†Covid¬†–∏¬†–¥—Ä—É–≥–∏¬†–Ω–∞—É—á–Ω–∏¬†–æ—Ç–∫—Ä–∏—Ç–∏—è¬†–Ω–∞¬†–ù–û–© https://t.co/4Fusoo6nMP üòØ	yes_discusses_cure
COVID-19	1279340381008732165	http://twitter.com/user/status/1279340381008732165	–ü–æ—á–∏–Ω–∞ —Å–ø–µ—à–µ–Ω –º–µ–¥–∏–∫ –≤ –°–æ—Ñ–∏—è, –∑–∞—Ä–∞–∑–µ–Ω —Å–ª–µ–¥ –∏–∑–∫—É—Å—Ç–≤–µ–Ω–æ –¥–∏—à–∞–Ω–µ –Ω–∞ –ø–∞—Ü–∏–µ–Ω—Ç —Å COVID-19 https://t.co/pLdkVv62P4	harmful
COVID-19	1290276344182394880	http://twitter.com/user/status/1290276344182394880	–†—É—Å–∏—è –æ–±–µ—â–∞–≤–∞ –º–∏–ª–∏–æ–Ω–∏ –¥–æ–∑–∏ COVID-–≤–∞–∫—Å–∏–Ω–∞ –≤—Å–µ–∫–∏ –º–µ—Å–µ—Ü –æ—Ç –¥–æ–≥–æ–¥–∏–Ω–∞ https://t.co/f6Icbx8gDQ	yes_discusses_cure
COVID-19	1281975361534926849	http://twitter.com/user/status/1281975361534926849	–í–∑—Ä–∏–≤ –Ω–∞ –∑–∞–±–æ–ª–µ–ª–∏ –æ—Ç COVID-19 –±—ä–ª–≥–∞—Ä—Å–∫–∏ —Ç—É—Ä–∏—Å—Ç–∏ –Ω–∞–ª–æ–∂–∏ –Ω–æ–≤–∏—Ç–µ —Ä–µ—Å—Ç—Ä–∏–∫—Ü–∏–∏ - –ì—ä—Ä—Ü–∏—è	harmful
COVID-19	1274242135483715585	http://twitter.com/user/status/1274242135483715585	–ï–≤—Ä–æ–ø–∞ –±–µ–∑ –∫–æ–Ω—Å–µ–Ω—Å—É—Å –∑–∞ —Ñ–æ–Ω–¥–∞ –∑–∞ –≤—ä–∑—Å—Ç–∞–Ω–æ–≤—è–≤–∞–Ω–µ —Å–ª–µ–¥ COVID-19 https://t.co/yNAxC0hu5u	no_not_interesting
COVID-19	1285528306507538433	http://twitter.com/user/status/1285528306507538433	–í–∏—Ä—É—Å–æ–ª–æ–≥ –æ–±—è—Å–Ω–∏ –∫–∞–∫ –¥–µ–π—Å—Ç–≤–∞ –û–∫—Å—Ñ–æ—Ä–¥—Å–∫–∞—Ç–∞ –≤–∞–∫—Å–∏–Ω–∞ —Å—Ä–µ—â—É COVID-19 https://t.co/m1vUowqX10	yes_discusses_cure
COVID-19	1244256681103671298	http://twitter.com/user/status/1244256681103671298	(–î-—Ä –ú–µ—Ö–º–µ—Ç –î–∂–µ–π—Ö–∞–Ω: –ü—Ä–µ–¥—Å—Ç–æ—è—â–∏—Ç–µ 5 –¥–Ω–∏ —Å–∞ –≤—ä–ø—Ä–æ—Å –Ω–∞ –∂–∏–≤–æ—Ç –∏ —Å–º—ä—Ä—Ç –∑–∞ –¢—É—Ä—Ü–∏—è...) –æ—Ç –ó–∞—Ä–∞—Ç–∞ - –ù–æ–≤–∏–Ω–∏ - https://t.co/HwoYku0JUL #–Ω–æ–≤–∏–Ω–∏ #COVID19 #–¢—É–ª—Ü–∏—è https://t.co/7U4sqVR02e	harmful
COVID-19	1289524539987197957	http://twitter.com/user/status/1289524539987197957	–ù–∞–º–∞–ª—è–≤–∞—Ç –ø–æ–ª–∏—Ü–∞–∏—Ç–µ –Ω–∞ –ø—Ä–æ—Ç–µ—Å—Ç–∏—Ç–µ –≤ –°–æ—Ñ–∏—è –∑–∞—Ä–∞–¥–∏ –±—É–º –Ω–∞ COVID-19 —Å—Ä–µ–¥ —Ç—è—Ö https://t.co/ejm0NiqI5v	harmful
COVID-19	1251768085205434368	http://twitter.com/user/status/1251768085205434368	–û—â–µ 13 —É—Å—Ç–∞–Ω–æ–≤–µ–Ω–∏ —Å COVID-19 —É –Ω–∞—Å, –æ–±—â–æ - 878 –¥—É—à–∏ https://t.co/Z2OTCrVlDG	no_not_interesting
COVID-19	1279106755440582658	http://twitter.com/user/status/1279106755440582658	–§—É—Ç–±–æ–ª–∏—Å—Ç –Ω–∞ –¶–∞—Ä—Å–∫–æ —Å–µ–ª–æ –µ —Å –ø–æ–ª–æ–∂–∏—Ç–µ–ª–µ–Ω —Ç–µ—Å—Ç –∑–∞ COVID-19	no_not_interesting
COVID-19	1238726638420078597	http://twitter.com/user/status/1238726638420078597	–ù–∞—à–∏—è—Ç –ª–µ–∫ —Å—Ä–µ—â—É COVID-19 –≤–µ—á–µ —Å–µ —Ç–µ—Å—Ç–≤–∞ –≤—ä–≤ –§—Ä–∞–Ω—Ü–∏—è –∏ –°–ê–© https://t.co/lnFi3VNDyY	yes_discusses_cure
COVID-19	1264287848674603008	http://twitter.com/user/status/1264287848674603008	Covid-19 –≤ –ë—ä–ª–≥–∞—Ä–∏—è: –î–µ–Ω 77 https://t.co/jd86wsD9Zg	no_not_interesting
COVID-19	1285242887618342913	http://twitter.com/user/status/1285242887618342913	–û–∫—Å—Ñ–æ—Ä–¥—Å–∫–∞ –≤–∞–∫—Å–∏–Ω–∞ —Å—Ä–µ—â—É Covid-19 –¥–∞–≤–∞ –Ω–∞–¥–µ–∂–¥–∏ https://t.co/ET8Cb1QFMk	yes_discusses_cure
COVID-19	1239448222139023363	http://twitter.com/user/status/1239448222139023363	–ö–∞–∫ –¥—ä—Ä–∂–∞–≤–∞—Ç–∞ –¥–∞ –ø–æ–¥–∫—Ä–µ–ø–∏ –±–∏–∑–Ω–µ—Å–∞ –∑–∞—Ä–∞–¥–∏ –æ–≥—Ä–∞–Ω–∏—á–∏—Ç–µ–ª–Ω–∏—Ç–µ –º–µ—Ä–∫–∏ –∑–∞ –∫–æ—Ä–æ–Ω–∞–≤–∏—Ä—É—Å–∞ –∏ –∫–∞–∫–≤–∏ –ø—ä—Ä–≤–∏ —Å—Ç—ä–ø–∫–∏ –ø—Ä–µ–¥–ø—Ä–∏–µ –≤–ª–∞—Å—Ç—Ç–∞ - –≤–∏–∂—Ç–µ –≤ –ø—É–±–ª–∏–∫–∞—Ü–∏—è—Ç–∞! https://t.co/UKYoCdBh0u https://t.co/GN7yAmq5l9	no_not_interesting
COVID-19	1275663080786182145	http://twitter.com/user/status/1275663080786182145	–ü–æ—Ä–µ–¥–µ–Ω —Ä—ä—Å—Ç: 130 –∑–∞—Ä–∞–∑–µ–Ω–∏ —Å Covid-19 –∑–∞ –¥–µ–Ω–æ–Ω–æ—â–∏–µ https://t.co/gYB7QdhlNR	harmful
COVID-19	1267801898507173888	http://twitter.com/user/status/1267801898507173888	–†—É—Å–∫–∞—Ç–∞ –≤–∞–∫—Å–∏–Ω–∞ —Å—Ä–µ—â—É COVID-19 –º–æ–∂–µ –¥–∞ —Å–µ –ø—Ä–∏–ª–∞–≥–∞ —á—Ä–µ–∑ –∫–∏—Å–µ–ª–æ –º–ª—è–∫–æ https://t.co/4nim2MBiKz	yes_discusses_cure
COVID-19	1279007646176034848	http://twitter.com/user/status/1279007646176034848	#–ï–≤—Ä–æ–ø–µ–π—Å–∫–∞—Ç–∞–ö–æ–º–∏—Å–∏—è –æ–±—è–≤–∏ –¥–Ω–µ—Å, —á–µ –µ –æ–¥–æ–±—Ä–∏–ª–∞ —É–ø–æ—Ç—Ä–µ–±–∞—Ç–∞ –Ω–∞ #–†–µ–º–¥–µ—Å–∏–≤–∏—Ä –≤ –ï–° —Å—Ä–µ—â—É #COVID19 https://t.co/WuMuNZOkNU	yes_discusses_cure
COVID-19	1284066075773001729	http://twitter.com/user/status/1284066075773001729	90% o—Ç –ø–æ—á–∏–Ω–∞–ª–∏—Ç–µ –≤ –ò—Ç–∞–ª–∏—è —Å–∞ –ø–æ—á–∏–Ω–∞–ª–∏ –æ—Ç, –∞ –Ω–µ —Å Covid-19 https://t.co/JZkJA5PpdP	harmful
COVID-19	1273902306912862209	http://twitter.com/user/status/1273902306912862209	–ü–æ–ª–∏—Ü–∏—è—Ç–∞ –≤ –ü–∞–∑–∞—Ä–¥–∂–∏–∫ –ø–ª–∞–º–Ω–∞ –æ—Ç Covid-19 https://t.co/bC6HVNZfzT	harmful
COVID-19	1246024685424443392	http://twitter.com/user/status/1246024685424443392	–¢—Ä–µ—Ç–∏ –∞–ø—Ä–∏–ª: –ø—ä—Ä–≤–∏—è—Ç –º–∏–ª–∏–æ–Ω –∑–∞—Ä–∞–∑–µ–Ω–∏ –æ—Ç COVID-19 —Ö–æ—Ä–∞, –∑–∞–≥–∏–Ω–∞–ª–∏—Ç–µ —Å–∞ 53 —Ö–∏–ª—è–¥–∏ https://t.co/24pIoMNkbl https://t.co/WEJq1ZlFo4	harmful
COVID-19	1248217835001843712	http://twitter.com/user/status/1248217835001843712	–ö–æ–≥–∞ —â–µ –µ –≥–æ—Ç–æ–≤–∞ #–±—ä–ª–≥–∞—Ä—Å–∫–∞—Ç–∞ #–≤–∞–∫—Å–∏–Ω–∞ —Å—Ä–µ—â—É #Covid19? –î–æ—Ü. –¥-—Ä –ü–µ–Ω–∫–∞ –ü–µ—Ç—Ä–æ–≤–∞, –¥–∏—Ä–µ–∫—Ç–æ—Ä –Ω–∞ –ò–Ω—Å—Ç–∏—Ç—É—Ç–∞ –ø–æ –º–∏–∫—Ä–æ–±–∏–æ–ª–æ–≥–∏—è –Ω–∞ #–ë–ê–ù, –ø—Ä–µ–¥ https://t.co/gC3ChPfOql https://t.co/Ci99r2DFUo https://t.co/mEnTEuywXF	yes_discusses_cure
COVID-19	1279093879200010240	http://twitter.com/user/status/1279093879200010240	42-–≥–æ–¥–∏—à–µ–Ω —Å–ø–µ—à–µ–Ω –º–µ–¥–∏–∫ –æ—Ç –°–æ—Ñ–∏—è –ø–æ—á–∏–Ω–∞ –æ—Ç COVID-19 https://t.co/ahFii5u98m	no_not_interesting
COVID-19	1268883883136888833	http://twitter.com/user/status/1268883883136888833	–ò–∑–±—è–≥–∞–ª –ø–∞—Ü–∏–µ–Ω—Ç —Å COVID-19 –∑–∞—Ñ–æ—Ä–º–∏ –µ–∫—à—ä–Ω –≤ –°–∞–º–æ–∫–æ–≤ https://t.co/zsE2i31PpH	harmful
COVID-19	1264806024533422086	http://twitter.com/user/status/1264806024533422086	–°–∞–º–æ 6 –Ω–æ–≤–∏ –¥–æ–∫–∞–∑–∞–Ω–∏ —Å–ª—É—á–∞—è –Ω–∞ COVID-19 –∑–∞ –¥–µ–Ω–æ–Ω–æ—â–∏–µ—Ç–æ, –æ–±—â–∏—è—Ç –±—Ä–æ–π —Å—Ç–∞–Ω–∞ 2433 –¥—É—à–∏ https://t.co/wR9Pj6sVba	harmful
COVID-19	1280805028752695296	http://twitter.com/user/status/1280805028752695296	"–û—Ñ–∏—Ü–∏–∞–ª–Ω–æ –∑–∞ ""–õ–æ–∫–æ"": 2 –∏–≥—Ä–∞—á–∏ –∏ 4 —Ñ–µ–Ω–∞ —Å COVID - 19. –ò–º–∞ –Ω–æ–≤–∏ –∑–∞—Ä–∞–∑–µ–Ω–∏ –≤ –¥–∏—Å–∫–æ—Ç–µ–∫–∏. –° –≤–∏—Ä—É—Å–∞ –µ –∏ –±–µ–±–µ - DC news https://t.co/BLqBJeueEn"	harmful
COVID-19	1298515100425428992	http://twitter.com/user/status/1298515100425428992	–†–∞–∑—Ä—É—à–∞–≤–∞–Ω–µ: FDA —Å–ø–∏—Ä–∞ –∏–∑–ø–æ–ª–∑–≤–∞–Ω–µ—Ç–æ –Ω–∞ –∫—Ä—ä–≤–Ω–∞ –ø–ª–∞–∑–º–∞ –ø—Ä–∏ –ª–µ—á–µ–Ω–∏–µ –Ω–∞ COVID https://t.co/KgrHt0llAR	yes_discusses_cure
COVID-19	1256474761967939585	http://twitter.com/user/status/1256474761967939585	–°–ê–© –æ–¥–æ–±—Ä–∏—Ö–∞ –ø—Ä–æ—Ç–∏–≤–æ–≤–∏—Ä—É—Å–Ω–æ –ª–µ–∫–∞—Ä—Å—Ç–≤–æ –∑–∞ –ª–µ—á–µ–Ω–∏–µ –Ω–∞ COVID-19 https://t.co/F2GudMnqlP	yes_discusses_cure
COVID-19	1251401064412180482	http://twitter.com/user/status/1251401064412180482	865 —Å–∞ –ø–æ—Ç–≤—ä—Ä–¥–µ–Ω–∏—Ç–µ —Å–ª—É—á–∞–∏ –Ω–∞ COVID-19 —É –Ω–∞—Å. –û–±—â–æ –∑–∞ –ø–æ—Å–ª–µ–¥–Ω–∏—Ç–µ 24 —á–∞—Å–∞ –Ω–æ–≤–∏—Ç–µ –ø–æ–ª–æ–∂–∏—Ç–µ–ª–Ω... https://t.co/HodG9qpiUK	harmful
COVID-19	1271285097417732099	http://twitter.com/user/status/1271285097417732099	–û–±—â–∏—è—Ç –±—Ä–æ–π –∑–∞—Ä–∞–∑–µ–Ω–∏ —Å COVID-19 –≤ –ë—ä–ª–≥–∞—Ä–∏—è –Ω–∞–¥—Ö–≤—ä—Ä–ª–∏ 3000 https://t.co/ohDkwV9kFw	harmful
COVID-19	1254643098048749568	http://twitter.com/user/status/1254643098048749568	–ü–ª–µ–≤–µ–Ω –∏–∑–ø—Ä–µ–≤–∞—Ä–∏ –°–æ—Ñ–∏—è –ø–æ –∑–∞—Ä–∞–∑–µ–Ω–∏ —Å Covid-19, –≤—ä–≤ –í–∏–¥–∏–Ω –Ω—è–º–∞ –Ω–∏—Ç–æ 1! : https://t.co/odbEXBdbGT https://t.co/AuauQV3BHc	harmful
COVID-19	1269152019450859520	http://twitter.com/user/status/1269152019450859520	41 —Å–ª—É—á–∞—è –Ω–∞ –∑–∞—Ä–∞–∑–µ–Ω–∏ —Å COVID-19 –∑–∞ –ø–æ—Å–ª–µ–¥–Ω–æ—Ç–æ –¥–µ–Ω–æ–Ω–æ—â–∏–µ. –ï–¥–∏–Ω –µ –ø–æ—á–∏–Ω–∞–ª https://t.co/57cU7ioEUt	harmful
COVID-19	1256520444653510657	http://twitter.com/user/status/1256520444653510657	(–õ–µ–∫–∞—Ä—Å—Ç–≤–æ —É–±–∏–≤–∞ –±—ä—Ä–∑–æ COVID-19!) –æ—Ç –ó–∞—Ä–∞—Ç–∞ - –ù–æ–≤–∏–Ω–∏ - https://t.co/AjSsI76jZw #–Ω–æ–≤–∏–Ω–∏ #–∫–æ—Ä–æ–Ω–∞–≤–∏—Ä—É—Å https://t.co/XDSiF7gI0h	yes_discusses_cure
COVID-19	1252513660003639296	http://twitter.com/user/status/1252513660003639296	–°–∏–Ω–≥–∞–ø—É—Ä –µ –æ–≥–Ω–∏—â–µ—Ç–æ –Ω–∞ Covid-19 –≤ –Æ–≥–æ–∏–∑—Ç–æ—á–Ω–∞ –ê–∑–∏—è https://t.co/sN6qCkLiNH	harmful
COVID-19	1258654494071586816	http://twitter.com/user/status/1258654494071586816	54 —Å–∞ –Ω–æ–≤–∏—Ç–µ —Å–ª—É—á–∞–∏ –Ω–∞ Covid-19 —É –Ω–∞—Å | –ó–∞ –ø–æ—Å–ª–µ–¥–Ω–æ—Ç–æ –¥–µ–Ω–æ–Ω–æ—â–∏–µ —É –Ω–∞—Å https://t.co/XIUJwFOdMd	no_not_interesting
COVID-19	1283774495703085057	http://twitter.com/user/status/1283774495703085057	–í—Ç–æ—Ä–∞ –≤—ä–ª–Ω–∞ –Ω–∞ Covid-19 —â–µ —É–¥–∞—Ä–∏ –æ—â–µ –ø–æ-—Ç–µ–∂–∫–æ –∏–∫–æ–Ω–æ–º–∏–∫–∞—Ç–∞ https://t.co/9ZCa9Wp7w3	harmful
COVID-19	1256508164620640256	http://twitter.com/user/status/1256508164620640256	–û–¥–æ–±—Ä–∏—Ö–∞ –µ–∫—Å–ø–µ—Ä–∏–º–µ–Ω—Ç–∞–ª–Ω–æ –ª–µ–∫–∞—Ä—Å—Ç–≤–æ –∑–∞ —É–ø–æ—Ç—Ä–µ–±–∞ –ø—Ä–∏ –ø–∞—Ü–∏–µ–Ω—Ç–∏ —Å COVID-19 –≤ –°–ê–©. –¢–æ–≤–∞ —Å–µ —Å–ª—É—á... https://t.co/HRLrUuumwN	yes_discusses_cure
COVID-19	1249660557738852354	http://twitter.com/user/status/1249660557738852354	–ö—Ä–∏–∑–∞—Ç–∞ —Å COVID-19 —â–µ –∑–∞—Å–µ–≥–Ω–µ 81% –æ—Ç —Ä–∞–±–æ—Ç–Ω–∞—Ç–∞ —Å–∏–ª–∞ –≤ —Å–≤–µ—Ç–∞ - –ú–û–¢ https://t.co/CZ4M4wgtXS	no_not_interesting
COVID-19	1295698924532097024	http://twitter.com/user/status/1295698924532097024	(#—É—á–µ–Ω–∏ –æ—Ç–∫—Ä–∏—Ö–∞ –Ω–æ–≤–æ –ª–µ–∫–∞—Ä—Å—Ç–≤–æ —Å—Ä–µ—â—É COVID-19) –æ—Ç –ó–∞—Ä–∞—Ç–∞ - –ù–æ–≤–∏–Ω–∏ - https://t.co/4wSorEmMn0 #–Ω–æ–≤–∏–Ω–∏ #–∫–æ—Ä–æ–Ω–∞–≤–∏—Ä—É—Å #–Ω–æ–≤–æ–ª–µ–∫–∞—Ä—Å—Ç–≤–æ #–æ—Ç–∫—Ä–∏—Ç–∏–µ #—É—á–µ–Ω–∏ https://t.co/xVZgWaCKNz	yes_discusses_cure
COVID-19	1300096126964686848	http://twitter.com/user/status/1300096126964686848	–ù–∞ –ù–ó–û–ö —ù —Å–µ ‚Äú–≥—É–±—è—Ç‚Äù –ø–æ–≤–µ—á–µ –æ—Ç 1000 –ø–∞—Ü–∏–µ–Ω—Ç–∞ —Å¬†COVID-19 https://t.co/uPHRAvVO3v	no_not_interesting
COVID-19	1276439014225121280	http://twitter.com/user/status/1276439014225121280	–ö–∏—Ç–∞–π —â–µ –∏–∑—Å–ª–µ–¥–≤–∞ –≤–∞–∫—Å–∏–Ω–∏—Ç–µ —Å–∏ —Å—Ä–µ—â—É COVID-19 –≤ —á—É–∂–±–∏–Ω–∞, –ø–æ—Ä–∞–¥–∏ –ª–∏–ø—Å–∞ –Ω–∞ –ø–∞—Ü–∏–µ–Ω—Ç–∏ https://t.co/k32LmobJf6 via @naukaoffnews	no_not_interesting
COVID-19	1241443972620464129	http://twitter.com/user/status/1241443972620464129	–ò–∑–≤—ä–Ω—Ä–µ–¥–Ω–æ! –ö–∏—Ç–∞–π –∏–Ω–∂–µ–∫—Ç–∏—Ä–∞ –ø—ä—Ä–≤–∞—Ç–∞ –≤–∞–∫—Å–∏–Ω–∞ —Å—Ä–µ—â—É Covid-19 https://t.co/Gp5FTztxJy	yes_discusses_cure
COVID-19	1262786585235521539	http://twitter.com/user/status/1262786585235521539	–ü–æ–ª–æ–∂–∏—Ç–µ–ª–Ω–∞ –ø—Ä–æ–±–∞ –∑–∞ COVID-19 –∑–∞—Ç–≤–æ—Ä–∏ —Ä–µ–≥–∏–æ–Ω–∞–ª–Ω–æ—Ç–æ –º–∏–Ω–∏—Å—Ç–µ—Ä—Å—Ç–≤–æ https://t.co/k7xaevYYXx	harmful
COVID-19	1271381150167162887	http://twitter.com/user/status/1271381150167162887	(–û–±–∏–∫–Ω–æ–≤–µ–Ω–∞ –Ω–∞—Å—Ç–∏–Ω–∫–∞ –æ—Å–∏–≥—É—Ä—è–≤–∞ –∏–º—É–Ω–∏—Ç–µ—Ç —Å—Ä–µ—â—É COVID-19 –∑–∞ –≥–æ–¥–∏–Ω–∏ –Ω–∞–ø—Ä–µ–¥) –æ—Ç –ó–∞—Ä–∞—Ç–∞ - –ù–æ–≤–∏–Ω–∏ - https://t.co/SBb2fTrEaZ #–Ω–æ–≤–∏–Ω–∏ #COVID19 #–∫–æ—Ä–æ–Ω–∞–≤–∏—Ä—É—Å https://t.co/NW3JYrLZML	harmful
COVID-19	1272094186200805376	http://twitter.com/user/status/1272094186200805376	"–ú–ï–î–°–ï–°–¢–†–ê –í –ï–ü–ò–¶–ï–ù–¢–™–† –ë–û–õ–ù–ò–¶–ê COVID: ""–¢–û–í–ê –ï –£–ë–ò–ô–°–¢–í–û"" https://t.co/u1X8PYEwhi"	harmful
COVID-19	1265537330938511360	http://twitter.com/user/status/1265537330938511360	–¢—Ä–µ—Ç–∏—Ä–∞–Ω–µ—Ç–æ –Ω–∞ –ø–∞—Ü–∏–µ–Ω—Ç–∏ —Å Covid-19 —Å —Ö–∏–¥—Ä–æ—Ö–ª–æ—Ä–æ—Ö–∏–Ω —É –Ω–∞—Å –ø—Ä–æ–¥—ä–ª–∂–∞–≤–∞, –≤—ä–ø—Ä–µ–∫–∏ —Å–ø—Ä–µ–Ω–∏—Ç–µ —Ç–µ—Å—Ç–æ–≤–µ –Ω–∞ –ø—Ä–µ–ø–∞—Ä–∞—Ç–∞ –æ—Ç —Å—Ç—Ä–∞–Ω–∞ –Ω–∞ –°–≤–µ—Ç–æ–≤–Ω–∞—Ç–∞ –∑–¥—Ä–∞–≤–Ω–∞ –æ—Ä–≥–∞–Ω–∏–∑–∞—Ü–∏—è. https://t.co/DBNLsr7V3N	yes_discusses_cure
COVID-19	1294173466275577857	http://twitter.com/user/status/1294173466275577857	(–ó–∞—â–æ —Å–≤–µ—Ç—ä—Ç —Å–µ —Å—ä–º–Ω—è–≤–∞ –≤ –æ–±—è–≤–µ–Ω–∞—Ç–∞ –æ—Ç –†—É—Å–∏—è –≤–∞–∫—Å–∏–Ω–∞ —Å—Ä–µ—â—É COVID-19) –æ—Ç –ó–∞—Ä–∞—Ç–∞ - –ù–æ–≤–∏–Ω–∏ - https://t.co/zCjGednpHO #–Ω–æ–≤–∏–Ω–∏ https://t.co/tGWY6TFG8t	yes_discusses_cure
COVID-19	1251595637524779010	http://twitter.com/user/status/1251595637524779010	–ë—Ä–∏—Ç–∞–Ω—Å–∫–∏ —É—á–µ–Ω–∏ –∏–∑–ø–∏—Ç–≤–∞—Ç –≤–∞–∫—Å–∏–Ω–∞ —Å—Ä–µ—â—É COVID-19 https://t.co/2a0hFDtd8t https://t.co/YDby0ajGlC	yes_discusses_cure
COVID-19	1261217242898980865	http://twitter.com/user/status/1261217242898980865	–î–æ—Ü. #–ú–∞–Ω–≥—ä—Ä–æ–≤ –ø—Ä–µ–¥ –§–ê–ö–¢–ò: –ó–∞—Ç–≤–æ—Ä–∏—Ö–º–µ –¥—ä—Ä–∂–∞–≤–∞—Ç–∞ –Ω–∞ —Å–ª—è–ø–æ, —Å–µ–≥–∞ —Ç–∞–∫–∞ —è –æ—Ç–≤–∞—Ä—è–º–µ. –¢—Ä—è–±–≤–∞ –¥–∞ —Å–µ –º–∏—Å–ª–∏, –∞ –Ω–∞—Å –Ω–∏ –µ —Å—Ç—Ä–∞—Ö https://t.co/1ot0eYBzF8 #–ë—ä–ª–≥–∞—Ä–∏—è #–∫—Ä–∏–∑–∞ #–ú–ó #–ø—Ä–∞–≤–∏—Ç–µ–ª—Å—Ç–≤–æ #–ù–û–© #COVID19 #COVID_19	yes_discusses_action_taken
COVID-19	1265927124910845952	http://twitter.com/user/status/1265927124910845952	–õ–µ—á–µ–Ω–∏–µ—Ç–æ –Ω–∞ COVID-19 —Å—ä—Å —Å—Ç–≤–æ–ª–æ–≤–∏ –∫–ª–µ—Ç–∫–∏ –¥–∞–≤–∞ –¥–æ–±—Ä–∏ —Ä–µ–∑—É–ª—Ç–∞—Ç–∏ –≤ –ò–∑—Ä–∞–µ–ª, –°–ê–© –∏ –ö–∏—Ç–∞–π https://t.co/aSOXPgSSLJ https://t.co/ilCl8PzFEg	yes_discusses_cure
COVID-19	1258996814755356675	http://twitter.com/user/status/1258996814755356675	Covid-19 62 –¥–µ–Ω –°–∏–Ω—å–æ - –æ–±—â –±—Ä–æ–π –∑–∞—Ä–∞–∑–µ–Ω–∏ (—Å–∫–∞–ª–∞—Ç–∞ –≤–¥—è—Å–Ω–æ) –ß–µ—Ä–≤–µ–Ω–æ - –∏–∑—á–∏—Å–ª–µ–Ω–∞ —Ç–µ–Ω–¥–µ–Ω—Ü–∏—è —Å –¥–∞–Ω–Ω–∏ 10 –¥–Ω–∏ –Ω–∞–∑–∞–¥ –ó–µ–ª–µ–Ω–æ - –ø—Ä–æ–º—è–Ω–∞ –≤ % –æ—Ç –ø—Ä–µ–¥–∏—à–µ–Ω –¥–µ–Ω. –û—Ä–∞–Ω–∂–µ–≤–æ - –±—Ä–æ–π –Ω–∞ –≤—Å–∏—á–∫–∏ –∑–∞—Ä–∞–∑–µ–Ω–∏, —Ä–∞–∑–¥–µ–ª–µ–Ω –Ω–∞ –±—Ä–æ—è –Ω–∞ –¥–Ω–∏—Ç–µ. https://t.co/lNgSoYpBJT	no_not_interesting
COVID-19	1262615875796045826	http://twitter.com/user/status/1262615875796045826	–î–æ—Ü. –ß–æ—Ä–±–∞–Ω–æ–≤: –ì–æ—Ç–æ–≤–∏ —Å–º–µ –¥–∞ —Å–≥–ª–æ–±–∏–º –ø—Ä–æ—Ç–æ—Ç–∏–ø–∞ –Ω–∞ –±—ä–ª–≥–∞—Ä—Å–∫–∞—Ç–∞ –≤–∞–∫—Å–∏–Ω–∞ COVID-19 https://t.co/ii254BDLwS	yes_discusses_cure
COVID-19	1249221752565178369	http://twitter.com/user/status/1249221752565178369	‚Äû–ù–∞–π-–¥—Ä–∞–º–∞—Ç–∏—á–Ω–æ —Å—Ç–∞–Ω–∞ –≤ —Ä–∞–π–æ–Ω–∞ –Ω–∞ –ë–µ—Ä–≥–∞–º–æ, –∞ –≤ –ú–∏–ª–∞–Ω–æ, –≤ –∏—Å—Ç–æ—Ä–∏—á–µ—Å–∫–∏—è —Å—Ç–∞—Ä—á–µ—Å–∫–∏ –¥–æ–º ‚Äû–ü–∏–æ –ê–ª–±–µ—Ä–≥–æ –¢—Ä–∏–≤—É–ª—Ü–∏–æ‚Äù —Å–∞–º–æ –æ—Ç –Ω–∞—á–∞–ª–æ—Ç–æ –Ω–∞ –∞–ø—Ä–∏–ª –¥–æ —Å–µ–≥–∞ —É–º–∏—Ä–∞—Ç –ø–æ –ø–µ—Ç –¥—É—à–∏ –¥–Ω–µ–≤–Ω–æ.‚Äú –ë–ù–† https://t.co/Y447voqR4V https://t.co/9b6qR0jWcu	harmful
COVID-19	1267911146717224960	http://twitter.com/user/status/1267911146717224960	–¢—É—Ä—Ü–∏—è —Å –†—É—Å–∏—è –ø—Ä–∞–≤—è—Ç –≤–∞–∫—Å–∏–Ω–∞ —Å—Ä–µ—â—É COVID-19 https://t.co/U9Usu2G9Bn	yes_discusses_cure
COVID-19	1249212826150977536	http://twitter.com/user/status/1249212826150977536	@hri1OO @MDilchev –ò–º–∞ –ª–µ–∫–∞—Ä—Å—Ç–≤–∞. –ò–∑–ø–æ–ª–∑–≤–∞—Ç —Å–µ –∏ –∑–∞ HIV. –ù–æ —è–≤–Ω–æ –Ω–µ –¥–µ–π—Å—Ç–≤–∞—Ç –Ω–∞ covid. –ò–ª–∏ –ø–æ-—Å–∫–æ—Ä–æ —Ç–æ–π –µ –º–Ω–æ–≥–æ –±—ä—Ä–∑.	yes_discusses_cure
COVID-19	1254788953531547648	http://twitter.com/user/status/1254788953531547648	–ö–∏—Ç–∞–π—Å–∫–∏ –µ–∫—Å–ø–µ—Ä—Ç: Covid-19 –Ω—è–º–∞ –¥–∞ –∏–∑—á–µ–∑–Ω–µ —Å –∏–¥–≤–∞–Ω–µ—Ç–æ –Ω–∞ –ª—è—Ç–æ—Ç–æ https://t.co/ttbfcIie37 via @poligraff.net	harmful
COVID-19	1253923363174694913	http://twitter.com/user/status/1253923363174694913	–ú–Ω–µ–Ω–∏–µ: –°–≤–µ—Ç—ä—Ç –±–∞–≤–Ω–æ —Å–µ —Å–∞–º–æ—É–±–∏–≤–∞ –∑–∞—Ä–∞–¥–∏ —Ç–æ–∑–∏ COVID-19 https://t.co/TSC1NoJt2I	harmful
COVID-19	1249555042933374976	http://twitter.com/user/status/1249555042933374976	(30-—Ç–∞ –∂–µ—Ä—Ç–≤–∞ –Ω–∞ COVID-19 —É –Ω–∞—Å - –∂–µ–Ω–∞ –æ—Ç –•–∏—Å–∞—Ä—è) –æ—Ç –ó–∞—Ä–∞—Ç–∞ - –ù–æ–≤–∏–Ω–∏ - https://t.co/3REITuFKfQ #–Ω–æ–≤–∏–Ω–∏ #COVID19 #–∂–µ—Ä—Ç–≤–∞–Ω–∞COVID19 https://t.co/ZZs0i7r3r8	harmful
COVID-19	1255442863455981568	http://twitter.com/user/status/1255442863455981568	–ë–µ–∑ –≤–Ω–æ—Å–Ω–∏ –º–∏—Ç–∞ –∏ –î–î–° –∑–∞ —Å—Ç–æ–∫–∏ –æ—Ç —Ç—Ä–µ—Ç–∏ —Å—Ç—Ä–∞–Ω–∏, –Ω–µ–æ–±—Ö–æ–¥–∏–º–∏ –∑–∞ –±–æ—Ä–±–∞ —Å –ø–æ—Å–ª–µ–¥–∏—Ü–∏—Ç–µ –æ—Ç COVID-19 –ø—Ä–µ–∑ 2020 –≥. - InBalance https://t.co/GLWQW5d52o via @@InBalance_news	yes_discusses_action_taken
COVID-19	1239162262939742208	http://twitter.com/user/status/1239162262939742208	–î-—Ä –ö—É–Ω—á–µ–≤: –î-—Ä –ö—É–Ω—á–µ–≤: 90% –æ—Ç –∑–∞—Ä–∞–∑–µ–Ω–∏—Ç–µ —É –Ω–∞—Å —Å COVID-19 —Å–∞ –ø–æ—Å–µ—â–∞–≤–∞–ª–∏ —Å—Ç—Ä–∞–Ω–∏ –≤ –ï–≤—Ä–æ–ø–∞ https://t.co/ipzOBbVrsJ	harmful
COVID-19	1263872817763880966	http://twitter.com/user/status/1263872817763880966	–ü—Ä–æ–∫—É—Ä–∞—Ç—É—Ä–∞—Ç–∞ –ø–æ–≥–Ω–∞ –æ–Ω–ª–∞–π–Ω —Ç—ä—Ä–≥–æ–≤—Ü–∏, –ø—Ä–µ–¥–ª–∞–≥–∞–ª–∏ –ª–µ–∫–æ–≤–µ –∑–∞ Covid-19 https://t.co/PcLk3rPdda	yes_discusses_action_taken
COVID-19	1257539376655093760	http://twitter.com/user/status/1257539376655093760	–Ø–º–±–æ–ª—Å–∫–∏ –∫–≤–∞—Ä—Ç–∞–ª –±–µ –ø–æ—Å—Ç–∞–≤–µ–Ω –ø–æ–¥ –∫–∞—Ä–∞–Ω—Ç–∏–Ω–∞ –∑–∞—Ä–∞–¥–∏ –æ–≥–Ω–∏—â–µ –Ω–∞ Covid-19 https://t.co/ZeAQ5AcYDl	harmful
COVID-19	1269672978524114946	http://twitter.com/user/status/1269672978524114946	–ù–æ–≤–∏ 17 –∫–æ–Ω—Ç–∞–∫—Ç–Ω–∏ –ª–∏—Ü–∞ —Å–∞ —É—Å—Ç–∞–Ω–æ–≤–µ–Ω–∏ —Å COVID-19 –≤ –°—ä—Ä–Ω–∏—Ü–∞ https://t.co/PyMxsfJyZH	harmful
COVID-19	1260831807886495744	http://twitter.com/user/status/1260831807886495744	–ë–ê–ù –≥–æ—Ç–æ–≤–∏ —Å –ø—Ä–æ—Ç–æ—Ç–∏–ø –Ω–∞ –≤–∞–∫—Å–∏–Ω–∞ —Å—Ä–µ—â—É COVID-19 –¥–æ 3 –º–µ—Å–µ—Ü–∞ https://t.co/rUpuMllZK6	yes_discusses_cure
COVID-19	1273914043414142978	http://twitter.com/user/status/1273914043414142978	–ü—Ä–µ–¥—Å—Ç–æ–∏ –≤—Ç–æ—Ä–∞ –∞–∫—Ç—É–∞–ª–∏–∑–∞—Ü–∏—è –Ω–∞ –¥—ä—Ä–∂–∞–≤–Ω–∏—è –±—é–¥–∂–µ—Ç –∑–∞—Ä–∞–¥–∏ COVID-19 https://t.co/Mb2S9U3swO	yes_discusses_action_taken
COVID-19	1269967989526462466	http://twitter.com/user/status/1269967989526462466	–í –∫—Ä–∞–π–Ω–∞ —Å–º–µ—Ç–∫–∞ –∏–±—É–ø—Ä–æ—Ñ–µ–Ω—ä—Ç –Ω–µ –≤—Ä–µ–¥–∏ –ø—Ä–∏ COVID-19, –∞ –ø–æ–º–∞–≥–∞ https://t.co/tXUo8WELwv	yes_discusses_cure
COVID-19	1258429705423896577	http://twitter.com/user/status/1258429705423896577	–ú–µ–¥–∏–∏—Ç–µ: COVID-19 –∑–∞—Ä–∞–∑–∏ 210 –¥—ä—Ä–∂–∞–≤–∏. Google: –í —Å–≤–µ—Ç–∞ —Å—ä—â–µ—Å—Ç–≤—É–≤–∞—Ç 195 –¥—ä—Ä–∂–∞–≤–∏.	harmful
COVID-19	1277678737635631112	http://twitter.com/user/status/1277678737635631112	‚Äû–í —É—Å–ª–æ–≤–∏—è—Ç–∞ –Ω–∞ –∫—Ä–∏–∑–∞ –æ—Ç COVID-19, –±–∏–∑–Ω–µ—Å –∫–ª–∏–º–∞—Ç—ä—Ç —É –Ω–∞—Å —Å–µ –ø–æ–¥–æ–±—Ä—è–≤–∞ –∑–∞ –≤—Ç–æ—Ä–∏ –ø–æ—Ä–µ–¥–µ–Ω –º–µ—Å... https://t.co/lPqHwvMjms	no_not_interesting
COVID-19	1251208736359800832	http://twitter.com/user/status/1251208736359800832	‚Äú–§–∞–∑–∞ 3‚Äú –µ –≤ –¥–µ–π—Å—Ç–≤–∏–µ: –õ–µ–∫—É–≤–∞—Ç COVID-19 —Å –º–µ–¥–∏–∫–∞–º–µ–Ω—Ç –Ω–∞ Gilead Sciences https://t.co/m3MO95zyze	yes_discusses_cure
COVID-19	1261579242443243520	http://twitter.com/user/status/1261579242443243520	–ü—Ä–æ—É—á–≤–∞–Ω–∏—è –ø–æ–∫–∞–∑–≤–∞—Ç, —á–µ –Ω—è–º–∞ –ø–æ–ª–∑–∞ –æ—Ç —Ö–∏–¥—Ä–æ–∫—Å–∏—Ö–ª–æ—Ä–æ—Ö–∏–Ω –ø—Ä–∏ COVID-19 https://t.co/7VcSZJFlTE —á—Ä–µ–∑ @centerprh	yes_discusses_cure
COVID-19	1256955427989925888	http://twitter.com/user/status/1256955427989925888	–û—â–µ 7 –Ω–æ–≤–∏ —Å–ª—É—á–∞—è –Ω–∞ COVID-19 —É –Ω–∞—Å, –ø–æ—á–∏–Ω–∞ –º—ä–∂ —Å—Ç—Ä–∞–¥–∞–ª –æ—Ç –æ–Ω–∫–æ–ª–æ–≥–∏—á... https://t.co/mduWwQ4Kpn	harmful
COVID-19	1290287792803569664	http://twitter.com/user/status/1290287792803569664	–ü—Ä–µ—Å—Ç—ä–ø–Ω–∞ –±–µ–∑–æ—Ç–≥–æ–≤–æ—Ä–Ω–æ—Å—Ç –Ω–∞ —É–ø—Ä–∞–≤–ª—è–≤–∞—â–∏—Ç–µ, –∫–æ–∏—Ç–æ –Ω–µ –∏–∑–ø—ä–ª–Ω—è–≤–∞—Ç –∞–¥–µ–∫–≤–∞—Ç–Ω–∏ –º–µ—Ä–∫–∏ –∑–∞ –æ–ø–∞–∑–≤–∞–Ω–µ –∑–¥—Ä–∞–≤–µ—Ç–æ –∏ –∂–∏–≤–æ—Ç–∞ –Ω–∞ –Ω–∞–π-—É—è–∑–≤–∏–º–∏—Ç–µ –±—ä–ª–≥–∞—Ä—Å–∫–∏ –≥—Ä–∞–∂–¥–∞–Ω–∏! #–û–°–¢–ê–í–ö–ê –ü–æ–ª–æ–≤–∏–Ω–∞—Ç–∞ –æ—Ç –Ω–æ–≤–∏—Ç–µ –∑–∞—Ä–∞–∑–µ–Ω–∏ —Å Covid-19 —Å–∞ –æ—Ç –¥–æ–º –∑–∞ –≤—ä–∑—Ä–∞—Å—Ç–Ω–∏ —Ö–æ—Ä–∞ https://t.co/yTCPVAoUUf	yes_blame_authorities
COVID-19	1251436537100881921	http://twitter.com/user/status/1251436537100881921	COVID-19: –ó–∞—Å–∏–ª–≤–∞–Ω–µ –Ω–∞ –æ—Ç–≥–æ–≤–æ—Ä–∞ –Ω–∞ –ï–° –∑–∞ –æ–±–ª–µ–∫—á–∞–≤–∞–Ω–µ –Ω–∞ –ø–æ—Å–ª–µ–¥–∏—Ü–∏—Ç–µ –æ—Ç –∫—Ä–∏–∑–∞—Ç–∞ https://t.co/psxcO4cIua via @Europarl_BG	no_not_interesting
COVID-19	1299859252547325954	http://twitter.com/user/status/1299859252547325954	COVID-19 –≤ –ë—ä–ª–≥–∞—Ä–∏—è: 169 –Ω–æ–≤–∏ —Å–ª—É—á–∞—è, 195 –∏–∑–ª–µ–∫—É–≤–∞–Ω–∏ –∏ 7 –ø–æ—á–∏–Ω–∞–ª–∏... https://t.co/9SXxho8fO4	harmful
COVID-19	1285586200183570434	http://twitter.com/user/status/1285586200183570434	–§—Ä–∞–Ω—Ü–∏—è –æ—á–∞–∫–≤–∞ –≤—Ç–æ—Ä–∞ –≤—ä–ª–Ω–∞ –Ω–∞ COVID-19 –æ—Ç –æ–∫—Ç–æ–º–≤—Ä–∏ https://t.co/RcfabfMHIU	harmful
COVID-19	1295945515994144770	http://twitter.com/user/status/1295945515994144770	I just posted –£—á–µ–Ω–∏: –ù–µ –≤—Å–∏—á–∫–∏ –º–∞—Å–∫–∏ –ø–∞–∑—è—Ç –æ—Ç COVID-19, –∑–∞–±—Ä–∞–≤–µ—Ç–µ –∑–∞ —à–∞–ª–æ–≤–µ—Ç–µ on Reddit https://t.co/8IGWkFSMsY	harmful
COVID-19	1252822585588383747	http://twitter.com/user/status/1252822585588383747	(COVID-19 –∑–∞—Å–∏–ª–∏ –≤–ª–∏—è–Ω–∏–µ—Ç–æ –Ω–∞ –º–∞—Ñ–∏—è—Ç–∞ –≤ #–ò—Ç–∞–ª–∏—è) –æ—Ç –ó–∞—Ä–∞—Ç–∞ - –ù–æ–≤–∏–Ω–∏ - https://t.co/ShPLncfl4W #–Ω–æ–≤–∏–Ω–∏ #COVID19 #–ò—Ç–∞–ª–∏—è #–º–∞—Ñ–∏—è https://t.co/x173GDednx	harmful
COVID-19	1243971011768455170	http://twitter.com/user/status/1243971011768455170	–ü–†–û–ë–ò–í: –†—É—Å–∏—è –ø—É–±–ª–∏–∫—É–≤–∞ —Å–ø–∏—Å—ä–∫ —Å –ª–µ–∫–∞—Ä—Å—Ç–≤–∞ –∑–∞ –ª–µ—á–µ–Ω–∏–µ –Ω–∞ Covid-19 https://t.co/1BBZVUvODF	yes_discusses_cure
COVID-19	1269883523588112384	http://twitter.com/user/status/1269883523588112384	(#–ª–µ–∫–∞—Ä—Å—Ç–≤–∞ –∑–∞ –≤–∏—Å–æ–∫–æ –∫—Ä—ä–≤–Ω–æ –º–æ–∂–µ –¥–∞ –ø—Ä–µ–¥–ø–∞–∑–≤–∞—Ç –æ—Ç —Ç–µ–∂–∫–∞ —Ñ–æ—Ä–º–∞ –Ω–∞ COVID-19) –æ—Ç –ó–∞—Ä–∞—Ç–∞ - –ù–æ–≤–∏–Ω–∏ - https://t.co/3aBJfrQ4ur #–Ω–æ–≤–∏–Ω–∏ #COVID19 #–ª–µ–∫–∞—Ä—Å—Ç–≤–∞ https://t.co/QtSPBIrn6E	yes_discusses_cure
COVID-19	1265639797021986816	http://twitter.com/user/status/1265639797021986816	–°–ó–û –≤—Ä–µ–º–µ–Ω–Ω–æ –ø—Ä–µ–∫—Ä–∞—Ç—è–≤–∞ —Ç–µ—Å—Ç–æ–≤–µ—Ç–µ –∑–∞ —Ö–∏–¥—Ä–æ–∫—Å–∏—Ö–ª–æ—Ä–æ—Ö–∏–Ω –∑–∞ COVID-19, –ù–∏–≥–µ—Ä–∏—è –ø—Ä–æ–¥—ä–ª–∂–∞–≤–∞ —Å –∏–∑–ø–∏—Ç–≤–∞–Ω–µ—Ç–æ https://t.co/5zV7gZGD2y	yes_discusses_cure
COVID-19	1239437841735745537	http://twitter.com/user/status/1239437841735745537	–ö–æ—Ä–µ–π—Å–∫–∏ —É—á–µ–Ω–∏ —É—Å–ø–µ—à–Ω–æ –ø—Ä–æ–∏–∑–≤–µ–¥–æ—Ö–∞ –∞–Ω—Ç–∏–≥–µ–Ω –∑–∞ –≤–∞–∫—Å–∏–Ω–∞ —Å—Ä–µ—â—É COVID-19 https://t.co/Z9MXrGcmyF	yes_discusses_cure
COVID-19	1256466305093378048	http://twitter.com/user/status/1256466305093378048	–ë–æ—Ä–±–∞—Ç–∞ —Å COVID-19 —â–µ –ø—Ä–æ–¥—ä–ª–∂–∏ 2 –≥–æ–¥–∏–Ω–∏, —Å—Ü–µ–Ω–∞—Ä–∏–∏—Ç–µ —Å–∞ 3 https://t.co/AfSdWwNOJJ #flagman via @FlagmanBG	harmful
COVID-19	1250802045118013440	http://twitter.com/user/status/1250802045118013440	–•–ª–æ—Ä–æ—Ö–∏–Ω e –ø—Ä–∏—á–∏–Ω–∏–ª —Å–º—ä—Ä—Ç—Ç–∞ –Ω–∞ 11 –±–æ–ª–Ω–∏ —Å COVID-19 –≤ –ë—Ä–∞–∑–∏–ª–∏—è https://t.co/ehvMzRwwbx —á—Ä–µ–∑ @centerprh	no_not_interesting
COVID-19	1281069201600503808	http://twitter.com/user/status/1281069201600503808	–í—Å–∏—á–∫–æ –µ —Ç–æ—á–Ω–æ! –ó–¥—Ä–∞–≤–Ω–∏—Ç–µ –≤–ª–∞—Å—Ç–∏ –Ω–∞–π-–ø–æ—Å–ª–µ –æ—Ç–≥–æ–≤–æ—Ä–∏—Ö–∞ –Ω–∞ ‚Äû–ö–æ–Ω–∫—É—Ä–µ–Ω—Ç‚Äú –∑–∞ —É–∫—Ä–∏–≤–∞–Ω–µ –Ω–∞ –∑–∞—Ä–∞–∑–∞ —Å Covid-19 : https://t.co/odbEXBdbGT https://t.co/LBmvpZNNo5	harmful
COVID-19	1261916412018331653	http://twitter.com/user/status/1261916412018331653	–ë—ä–ª–≥–∞—Ä—Å–∫–∏ –ª–µ–∫–∞—Ä –æ—Ç –ù—é –ô–æ—Ä–∫: –í –ë—ä–ª–≥–∞—Ä–∏—è —â–µ –∏–º–∞ –≤—Ç–æ—Ä–∞ –≤—ä–ª–Ω–∞ –æ—Ç COVID-19 https://t.co/5cjMFMFsGt	harmful
COVID-19	1255864577025290245	http://twitter.com/user/status/1255864577025290245	#–°–ó–û: #–®–≤–µ—Ü–∏—è –±–µ–∑ #–∫–∞—Ä–∞–Ω—Ç–∏–Ω–∞ –º–æ–∂–µ –¥–∞ –µ –º–æ–¥–µ–ª –∑–∞ –≤—Ä—ä—â–∞–Ω–µ –∫—ä–º –Ω–æ—Ä–º–∞–ª–µ–Ω –∂–∏–≤–æ—Ç. –û—Ä–≥–∞–Ω–∏–∑–∞—Ü–∏—è—Ç–∞ –æ—Ç—Ä–µ—á–µ –¥–∞ –∏–º–∞ —É—Å–ª–æ–∂–Ω–µ–Ω–∏—è –ø—Ä–∏ –¥–µ—Ü–∞—Ç–∞, –ø—Ä–µ–±–æ–ª–µ–¥—É–≤–∞–ª–∏ #–∫–æ—Ä–æ–Ω–∞–≤–∏—Ä—É—Å https://t.co/7pLEoDgkqn #Covid19 #Covid_19 #–∑–¥—Ä–∞–≤–µ #–∑–¥—Ä–∞–≤–µ–æ–ø–∞–∑–≤–∞–Ω–µ	yes_discusses_action_taken
COVID-19	1230181822123868160	http://twitter.com/user/status/1230181822123868160	"@kohynorcheto @kap1t0 –ê –º–æ–∂–µ –∏ –º–Ω–æ–≥–æ —Ç—Ä–∏–≤–∏–∞–ª–Ω–æ –¥–∞ —Å–µ –æ–∫–∞–∂–µ –ª–µ—á–µ–Ω–∏–µ—Ç–æ. –ù–æ —Å—ä—â–æ —Ç–∞–∫–∞ –∏ –±–µ–∑ –æ—Å–æ–±–µ–Ω ""–ø—Ä–æ—Ñ–∏—Ç"" –∑–∞ —Ñ–∞—Ä–º –∏–Ω–¥—É—Å—Ç—Ä–∏—è—Ç–∞... https://t.co/FQ7qXPqK4y"	yes_discusses_cure
COVID-19	1295323873840250880	http://twitter.com/user/status/1295323873840250880	–î–æ—Ü. –ö—É–Ω—á–µ–≤ –∫–æ–º–µ–Ω—Ç–∏—Ä–∞ —Ä—É—Å–∫–∞—Ç–∞ –≤–∞–∫—Å–∏–Ω–∞ —Å—Ä–µ—â—É COVID-19 –∏ –º–µ—Ä–∫–∏—Ç–µ —Å—Ä–µ—â—É –≤–∏—Ä—É—Å–∞ –≤ —É—á–∏–ª–∏—â–∞—Ç–∞ https://t.co/z7snyVfmkh	yes_discusses_cure
COVID-19	1257519513374949376	http://twitter.com/user/status/1257519513374949376	–ù–∏—â–æ –Ω–æ–≤–æ –ø–æ–¥ —Å–ª—ä–Ω—Ü–µ—Ç–æ. https://t.co/Fgcac5PmES	harmful
COVID-19	1251196829267615745	http://twitter.com/user/status/1251196829267615745	COVID-19: –î–µ–ø—É—Ç–∞—Ç–∏—Ç–µ –æ—Å–≤–æ–±–æ–∂–¥–∞–≤–∞—Ç –Ω–∞–¥ 3 –º–∏–ª–∏–∞—Ä–¥–∞ –µ–≤—Ä–æ –≤ –ø–æ–¥–∫—Ä–µ–ø–∞ –Ω–∞ —Å–µ–∫—Ç–æ—Ä–∞ –Ω–∞ –∑–¥—Ä–∞–≤–µ–æ–ø–∞–∑–≤–∞–Ω–µ—Ç–æ –≤ –ï–° https://t.co/ghgsA2kp5f	yes_discusses_action_taken
COVID-19	1245269092912807936	http://twitter.com/user/status/1245269092912807936	üá™üá∫ –í –ï–≤—Ä–æ–ø–∞ –∫—ä–º –¥–Ω–µ—à–Ω–∞ –¥–∞—Ç–∞ 01/04/2020 - —Å–∞ –∑–∞—Ä–∞–∑–µ–Ω–∏ 464 628 –¥—É—à–∏ –æ—Ç –∫–æ–∏—Ç–æ 66 942 —Å–∞ –æ–∑–¥—Ä–∞–≤–µ–ª–∏ / 30 469 –ø–æ—á–∏–Ω–∞–ª–∏. –û–°–¢–ê–ù–ò –í –ö–™–©–ò - –°–ü–ê–°–ò –ñ–ò–í–û–¢ ! #COVID19BG #–ö–û–†–û–ù–ê #–í–ò–†–£–° #–ë–™–õ–ì–ê–†–ò–Ø #–ò–ù–§–û–†–ú–ê–¶–ò–Ø #COVID„Éº19 #Bulgaria https://t.co/DoQX1ZrtaM	harmful
COVID-19	1289541290820947969	http://twitter.com/user/status/1289541290820947969	–†—É—Å–∫–∞—Ç–∞ –≤–∞–∫—Å–∏–Ω–∞ —Å—Ä–µ—â—É COVID-19 —Å—ä–∑–¥–∞–≤–∞ —É—Å–ø–µ—à–Ω–æ –∏–º—É–Ω–∏—Ç–µ—Ç https://t.co/7sfHYQUCKb —á—Ä–µ–∑ @zdravenbg11	yes_discusses_cure
COVID-19	1260904325301153792	http://twitter.com/user/status/1260904325301153792	–£—Å–ø–µ—à–Ω–æ —Ç–µ—Å—Ç–≤–∞—Ö–∞ –≤–∞–∫—Å–∏–Ω–∞ —Å—Ä–µ—â—É COVID-19 –≤—ä—Ä—Ö—É –º–∞–π–º—É–Ω–∏ https://t.co/hcPDzX9eB6	yes_discusses_cure
COVID-19	1287426714721611776	http://twitter.com/user/status/1287426714721611776	–ö–æ–Ω—Ç–∞–∫—Ç–Ω–∏ –Ω–∞ –∑–∞—Ä–∞–∑–µ–Ω–∏ —Å COVID-19 –¥–∞–¥–æ—Ö–∞ –ø–æ–ª–æ–∂–∏—Ç–µ–ª–Ω–∏ –ø–æ—Ä–±–∏ https://t.co/LFUtl1hBcC	harmful
COVID-19	1259391006082031616	http://twitter.com/user/status/1259391006082031616	–ë—ä–ª–≥–∞—Ä—Å–∫–∏ —Ä–∞–±–æ—Ç–Ω–∏—Ü–∏ —Å–∞ –∑–∞—Ä–∞–∑–µ–Ω–∏ —Å COVID-19 –≤ –∫–ª–∞–Ω–∏—Ü–∞ –≤ –ì–µ—Ä–º–∞–Ω–∏—è https://t.co/S1AJyEf9o9	harmful
COVID-19	1269132293274087431	http://twitter.com/user/status/1269132293274087431	–ü–æ–≤–∏—à–µ–Ω –µ –±—Ä–æ—è—Ç –Ω–∞ –∑–∞—Ä–∞–∑–µ–Ω–∏—Ç–µ —Å COVID-19 —É –Ω–∞—Å. –ò–º–∞ –Ω–æ–≤–∞ –∂–µ—Ä—Ç–≤–∞ https://t.co/aZrrW5A4CL	harmful
COVID-19	1265148163415031808	http://twitter.com/user/status/1265148163415031808	COVID-19 –ø–æ —Å–≤–µ—Ç–∞: –ß–∏–ª–∏ —Å —Ä–µ–∫–æ—Ä–¥–µ–Ω –±—Ä–æ–π –∑–∞—Ä–∞–∑–µ–Ω–∏ https://t.co/cptBcXRPoW	harmful
COVID-19	1253282988755955717	http://twitter.com/user/status/1253282988755955717	–ß–µ—Ç–∏—Ä–∏ —Å–ª—É—á–∞—è –Ω–∞ COVID-19 –≤ –¥–æ–º–∞ –∑–∞ –≤—ä–∑—Ä–∞—Å—Ç–Ω–∏ —Ö–æ—Ä–∞ –≤ —Å. –ì–∞—Ä–∞ –û—Ä–µ—à–µ—Ü, –æ–±–ª–∞—Å—Ç –í–∏–¥–∏–Ω https://t.co/gOmcvi7Y75	harmful
COVID-19	1279768888985759746	http://twitter.com/user/status/1279768888985759746	–©–æ—Ç–æ —Å–º—ä—Ä—Ç–Ω–æ—Å—Ç—Ç–∞ –æ—Ç covid –≤ –µ–¥–∏–Ω–∏—è —Å–ª—É—á–∞–π –µ 4%, –∞ –≤ –¥—Ä—É–≥–∏—è 8%.	yes_asks_question
